gene_id,transcript_1,transcript_2,num_jxn_only_T1,num_jxn_only_T2,num_jxn_ovlp,prop_jxn_noOvlp,prop_jxn_ovlp,jxn_string_T1,jxn_string_T2,jxn_only_T1,jxn_only_T2,jxn_same,num_ER_only_T1,num_ER_only_T2,num_ER_ovlp,prop_ER_noOvlp,prop_ER_ovlp,ER_only_T1,ER_only_T2,ER_ovlp,num_EF_only_T1,num_EF_only_T2,num_EF_ovlp,prop_EF_noOvlp,prop_EF_ovlp,EF_only_T1,EF_only_T2,EF_ovlp,num_exon_only_T1,num_exon_only_T2,num_exon_ovlp,num_IR_EF_T1,num_IR_EF_T2,IR_EF_T1,IR_EF_T2,num_nt_ovlp,num_nt_only_T1,num_nt_only_T2,num_nt_noOvlp,total_nt,prop_nt_noOvlp,prop_nt_ovlp,num_nt_only_T1_in_ovlpER,num_nt_only_T2_in_ovlpER,num_nt_ovlp_in_ovlpER,total_nt_in_ovlpER,prop_nt_noOvlp_in_ovlpER,prop_nt_ovlp_in_ovlpER,num_nt_only_T1_in_uniqER,num_nt_only_T2_in_uniqER,flag_FSM,flag_T1_ISM_of_T2,flag_T2_ISM_of_T1,flag_IR,flag_5_var,flag_3_var,flag_alt_DA,flag_alt_exon,flag_no_ovlp_nt,num_transcript_inGene_mel2mel,num_transcript_inGene_sim2mel,flag_mel2mel_greater,flag_sim2mel_greater,flag_match,transcript_inGene,min_match_mel2mel,flag_min_match_mel2mel,min_match_sim2mel,flag_min_match_sim2mel,flag_RMP,num_RMP_inGene,flag_mel2mel_tie,flag_sim2mel_tie,mel2mel_distance_tie,sim2mel_distance_tie,flag_identical_RMP,flag_FSM_RMP,flag_ERS_RMP,flag_ERS_noIR_RMP,flag_ERS_wIR_RMP,num_identical_RMP_inGene,num_FSM_RMP_inGene,num_ERS_RMP_inGene,num_ERS_noIR_RMP_inGene,num_ERS_wIR_RMP_inGene,prop_identical_RMP_inGene,prop_FSM_RMP_inGene,prop_ERS_RMP_inGene,prop_ERS_noIR_RMP_inGene,prop_ERS_wIR_RMP_inGene,flag_no_ovlp_nt_RMP,flag_alt_exon_RMP,flag_alt_DA_RMP,flag_IR_RMP,flag_5_var_RMP,flag_3_var_RMP,recip_min_pair_inGene,flag_min_match_mel2mel_w_tie,flag_min_match_sim2mel_w_tie,flag_RMP_w_tie,num_RMP_inGene_w_tie,flag_identical_RMP_w_tie,flag_FSM_RMP_w_tie,flag_ERS_RMP_w_tie,flag_ERS_noIR_RMP_w_tie,flag_ERS_wIR_RMP_w_tie,num_identical_RMP_inGene_w_tie,num_FSM_RMP_inGene_w_tie,num_ERS_RMP_inGene_w_tie,num_ERS_noIR_RMP_inGene_w_tie,prop_identical_RMP_inGene_w_tie,prop_FSM_RMP_inGene_w_tie,prop_ERS_RMP_inGene_w_tie,prop_ERS_noIR_RMP_inGene_w_tie,num_ERS_wIR_RMP_inGene_w_tie,prop_ERS_wIR_RMP_inGene_w_tie,recip_min_pair_inGene_w_tie
FBgn0000038,FBtr0073299,FBtr0349242,0,0,5,0,1,3L:4429492:4429575:+|3L:4429705:4432395:+|3L:4432512:4433314:+|3L:4433449:4433624:+|3L:4434049:4435184:+,3L:4429492:4429575:+|3L:4429705:4432395:+|3L:4432512:4433314:+|3L:4433449:4433624:+|3L:4434049:4435184:+,,,3L:4429492:4429575:+|3L:4429705:4432395:+|3L:4432512:4433314:+|3L:4433449:4433624:+|3L:4434049:4435184:+,0,0,6,0,1,,,3L:4429348:4429502:+|3L:4429565:4429715:+|3L:4432385:4432522:+|3L:4433304:4433459:+|3L:4433614:4434059:+|3L:4435174:4435996:+,1,1,6,0.25,0.75,3L:4429348:4429349:+,3L:4435993:4435996:+,3L:4429349:4429502:+|3L:4429565:4429715:+|3L:4432385:4432522:+|3L:4433304:4433459:+|3L:4433614:4434059:+|3L:4435174:4435993:+,0,0,4,0,0,,,1859,1,3,4,1863,0.0021470746108427268,0.9978529253891573,1,3,1859,1863,0.0021470746108427268,0.9978529253891573,0,0,1,0,0,0,1,1,0,0,0,2,1,1,0,0,mel2mel_greater,FBtr0349242,1,FBtr0073299,1,1,1,0,0,FBtr0349242,FBtr0073299,0,1,1,1,0,0,1,1,1,0,0.0,1.0,1.0,1.0,0.0,0,0,0,0,1,1,reciprocal_pairs,1,1,1,1,0,1,1,1,0,0,1,1,1,0,0.0,1.0,1.0,1.0,0.0,reciprocal_pairs
FBgn0000052,FBtr0079219,FBtr0222515,0,0,2,0,1,2L:6042001:6042084:-|2L:6044341:6045903:-,2L:6042001:6042084:-|2L:6044341:6045903:-,,,2L:6042001:6042084:-|2L:6044341:6045903:-,0,0,3,0,1,,,2L:6041180:6042011:-|2L:6042074:6044351:-|2L:6045893:6045973:-,1,1,3,0.4,0.6,2L:6041180:6041183:-,2L:6045967:6045973:-,2L:6041183:6042011:-|2L:6042074:6044351:-|2L:6045893:6045967:-,0,0,1,0,0,,,3179,3,6,9,3188,0.0028230865746549563,0.9971769134253451,3,6,3179,3188,0.0028230865746549563,0.9971769134253451,0,0,1,0,0,0,1,1,0,0,0,3,2,1,0,0,mel2mel_greater,FBtr0222515,1,FBtr0079219,1,1,2,0,0,FBtr0222515,FBtr0079219,0,1,1,1,0,0,2,2,2,0,0.0,1.0,1.0,1.0,0.0,0,0,0,0,1,1,reciprocal_pairs,1,1,1,2,0,1,1,1,0,0,2,2,2,0,0.0,1.0,1.0,1.0,0.0,reciprocal_pairs
FBgn0000039,FBtr0084639,FBtr0221013,0,0,5,0,1,3R:24486190:24487140:+|3R:24487275:24487432:+|3R:24487593:24488461:+|3R:24488601:24488790:+|3R:24489356:24490827:+,3R:24486190:24487140:+|3R:24487275:24487432:+|3R:24487593:24488461:+|3R:24488601:24488790:+|3R:24489356:24490827:+,,,3R:24486190:24487140:+|3R:24487275:24487432:+|3R:24487593:24488461:+|3R:24488601:24488790:+|3R:24489356:24490827:+,0,0,6,0,1,,,3R:24485421:24486200:+|3R:24487130:24487285:+|3R:24487422:24487603:+|3R:24488451:24488611:+|3R:24488780:24489366:+|3R:24490817:24491150:+,0,2,6,0.25,0.75,,3R:24485421:24485427:+|3R:24491147:24491150:+,3R:24485427:24486200:+|3R:24487130:24487285:+|3R:24487422:24487603:+|3R:24488451:24488611:+|3R:24488780:24489366:+|3R:24490817:24491147:+,0,0,4,0,0,,,2185,0,9,9,2194,0.004102096627164996,0.995897903372835,0,9,2185,2194,0.004102096627164996,0.995897903372835,0,0,1,0,0,0,1,1,0,0,0,2,1,1,0,0,mel2mel_greater,FBtr0221013,1,FBtr0084639,1,1,1,0,0,FBtr0221013,FBtr0084639,0,1,1,1,0,0,1,1,1,0,0.0,1.0,1.0,1.0,0.0,0,0,0,0,1,1,reciprocal_pairs,1,1,1,1,0,1,1,1,0,0,1,1,1,0,0.0,1.0,1.0,1.0,0.0,reciprocal_pairs
FBgn0000018,FBtr0080168,FBtr0222118,0,0,1,0,1,2L:10974200:10974277:-,2L:10974200:10974277:-,,,2L:10974200:10974277:-,0,0,2,0,1,,,2L:10973442:10974210:-|2L:10974267:10975293:-,2,0,2,0.5,0.5,2L:10973442:10973447:-|2L:10975290:10975293:-,,2L:10973447:10974210:-|2L:10974267:10975290:-,0,0,0,0,0,,,1786,8,0,8,1794,0.004459308807134894,0.9955406911928651,8,0,1786,1794,0.004459308807134894,0.9955406911928651,0,0,1,0,0,0,1,1,0,0,0,1,2,0,1,0,sim2mel_greater,FBtr0222118,1,FBtr0080168,1,1,1,0,0,FBtr0222118,FBtr0080168,0,1,1,1,0,0,1,1,1,0,0.0,1.0,1.0,1.0,0.0,0,0,0,0,1,1,reciprocal_pairs,1,1,1,1,0,1,1,1,0,0,1,1,1,0,0.0,1.0,1.0,1.0,0.0,reciprocal_pairs
FBgn0000032,FBtr0085609,FBtr0362500,0,0,4,0,1,3R:29991683:29991763:-|3R:29992002:29992092:-|3R:29992762:29992838:-|3R:29992917:29993271:-,3R:29991683:29991763:-|3R:29992002:29992092:-|3R:29992762:29992838:-|3R:29992917:29993271:-,,,3R:29991683:29991763:-|3R:29992002:29992092:-|3R:29992762:29992838:-|3R:29992917:29993271:-,0,0,5,0,1,,,3R:29991138:29991693:-|3R:29991753:29992012:-|3R:29992082:29992772:-|3R:29992828:29992927:-|3R:29993261:29993411:-,1,1,5,0.2857142857142857,0.7142857142857143,3R:29993406:29993411:-,3R:29991138:29991143:-,3R:29991143:29991693:-|3R:29991753:29992012:-|3R:29992082:29992772:-|3R:29992828:29992927:-|3R:29993261:29993406:-,0,0,3,0,0,,,1743,5,5,10,1753,0.005704506560182544,0.9942954934398175,5,5,1743,1753,0.005704506560182544,0.9942954934398175,0,0,1,0,0,0,1,1,0,0,0,2,2,0,0,1,match,FBtr0362500,1,FBtr0085609,1,1,2,0,0,FBtr0362500,FBtr0085609,0,1,1,1,0,0,2,2,2,0,0.0,1.0,1.0,1.0,0.0,0,0,0,0,1,1,reciprocal_pairs,1,1,1,2,0,1,1,1,0,0,2,2,2,0,0.0,1.0,1.0,1.0,0.0,reciprocal_pairs
FBgn0000024,FBtr0082780,FBtr0352990,0,0,8,0,1,3R:13229760:13232688:-|3R:13232832:13232970:-|3R:13233114:13237138:-|3R:13237268:13238066:-|3R:13238189:13243228:-|3R:13243416:13243595:-|3R:13244121:13244270:-|3R:13244389:13258312:-,3R:13229760:13232688:-|3R:13232832:13232970:-|3R:13233114:13237138:-|3R:13237268:13238066:-|3R:13238189:13243228:-|3R:13243416:13243595:-|3R:13244121:13244270:-|3R:13244389:13258312:-,,,3R:13229760:13232688:-|3R:13232832:13232970:-|3R:13233114:13237138:-|3R:13237268:13238066:-|3R:13238189:13243228:-|3R:13243416:13243595:-|3R:13244121:13244270:-|3R:13244389:13258312:-,0,0,9,0,1,,,3R:13224585:13229770:-|3R:13232678:13232842:-|3R:13232960:13233124:-|3R:13237128:13237278:-|3R:13238056:13238199:-|3R:13243218:13243426:-|3R:13243585:13244131:-|3R:13244260:13244399:-|3R:13258302:13258800:-,0,2,9,0.18181818181818182,0.8181818181818181,,3R:13224585:13224624:-|3R:13258777:13258800:-,3R:13224624:13229770:-|3R:13232678:13232842:-|3R:13232960:13233124:-|3R:13237128:13237278:-|3R:13238056:13238199:-|3R:13243218:13243426:-|3R:13243585:13244131:-|3R:13244260:13244399:-|3R:13258302:13258777:-,0,0,7,0,0,,,7135,0,62,62,7197,0.008614700569681812,0.9913852994303182,0,62,7135,7197,0.008614700569681812,0.9913852994303182,0,0,1,0,0,0,1,1,0,0,0,3,3,0,0,1,match,FBtr0352990,1,FBtr0082780,1,1,3,0,0,FBtr0352990,FBtr0082780,0,1,1,1,0,0,3,3,3,0,0.0,1.0,1.0,1.0,0.0,0,0,0,0,1,1,reciprocal_pairs,1,1,1,3,0,1,1,1,0,0,3,3,3,0,0.0,1.0,1.0,1.0,0.0,reciprocal_pairs
FBgn0000064,FBtr0310661,FBtr0355167,0,0,2,0,1,3R:26256297:26256942:-|3R:26257122:26261345:-,3R:26256297:26256942:-|3R:26257122:26261345:-,,,3R:26256297:26256942:-|3R:26257122:26261345:-,0,0,3,0,1,,,3R:26255963:26256307:-|3R:26256932:26257132:-|3R:26261335:26261591:-,1,1,3,0.4,0.6,3R:26261586:26261591:-,3R:26255963:26255965:-,3R:26255965:26256307:-|3R:26256932:26257132:-|3R:26261335:26261586:-,0,0,1,0,0,,,793,5,2,7,800,0.00875,0.99125,5,2,793,800,0.00875,0.99125,0,0,1,0,0,0,1,1,0,0,0,9,6,1,0,0,mel2mel_greater,FBtr0355167,1,FBtr0310661,1,1,6,0,0,FBtr0355167,FBtr0310661,0,1,1,1,0,0,5,6,6,0,0.0,0.8333333333333334,1.0,1.0,0.0,0,0,0,0,1,1,reciprocal_pairs,1,1,1,6,0,1,1,1,0,0,5,6,6,0,0.0,0.8333333333333334,1.0,1.0,0.0,reciprocal_pairs
FBgn0000055,FBtr0100589,FBtr0223878,0,0,2,0,1,2L:14615633:14616312:+|2L:14616427:14616987:+,2L:14615633:14616312:+|2L:14616427:14616987:+,,,2L:14615633:14616312:+|2L:14616427:14616987:+,0,0,3,0,1,,,2L:14615551:14615643:+|2L:14616302:14616437:+|2L:14616977:14617405:+,1,1,3,0.4,0.6,2L:14615551:14615556:+,2L:14617402:14617405:+,2L:14615556:14615643:+|2L:14616302:14616437:+|2L:14616977:14617402:+,0,0,1,0,0,,,647,5,3,8,655,0.012213740458015267,0.9877862595419847,5,3,647,655,0.012213740458015267,0.9877862595419847,0,0,1,0,0,0,1,1,0,0,0,5,2,1,0,0,mel2mel_greater,FBtr0223878,1,FBtr0100589,1,1,2,0,0,FBtr0223878,FBtr0100589,0,1,1,1,0,0,2,2,2,0,0.0,1.0,1.0,1.0,0.0,0,0,0,0,1,1,reciprocal_pairs,1,1,1,2,0,1,1,1,0,0,2,2,2,0,0.0,1.0,1.0,1.0,0.0,reciprocal_pairs
FBgn0000024,FBtr0335223,FBtr0352207,0,0,8,0,1,3R:13223368:13232688:-|3R:13232832:13232970:-|3R:13233114:13237138:-|3R:13237268:13238066:-|3R:13238189:13243228:-|3R:13243416:13243595:-|3R:13244121:13244270:-|3R:13244389:13258312:-,3R:13223368:13232688:-|3R:13232832:13232970:-|3R:13233114:13237138:-|3R:13237268:13238066:-|3R:13238189:13243228:-|3R:13243416:13243595:-|3R:13244121:13244270:-|3R:13244389:13258312:-,,,3R:13223368:13232688:-|3R:13232832:13232970:-|3R:13233114:13237138:-|3R:13237268:13238066:-|3R:13238189:13243228:-|3R:13243416:13243595:-|3R:13244121:13244270:-|3R:13244389:13258312:-,0,0,9,0,1,,,3R:13222947:13223378:-|3R:13232678:13232842:-|3R:13232960:13233124:-|3R:13237128:13237278:-|3R:13238056:13238199:-|3R:13243218:13243426:-|3R:13243585:13244131:-|3R:13244260:13244399:-|3R:13258302:13258804:-,0,2,9,0.18181818181818182,0.8181818181818181,,3R:13222947:13222950:-|3R:13258777:13258804:-,3R:13222950:13223378:-|3R:13232678:13232842:-|3R:13232960:13233124:-|3R:13237128:13237278:-|3R:13238056:13238199:-|3R:13243218:13243426:-|3R:13243585:13244131:-|3R:13244260:13244399:-|3R:13258302:13258777:-,0,0,7,0,0,,,2417,0,30,30,2447,0.012259910093992644,0.9877400899060074,0,30,2417,2447,0.012259910093992644,0.9877400899060074,0,0,1,0,0,0,1,1,0,0,0,3,3,0,0,1,match,FBtr0352207,1,FBtr0335223,1,1,3,0,0,FBtr0352207,FBtr0335223,0,1,1,1,0,0,3,3,3,0,0.0,1.0,1.0,1.0,0.0,0,0,0,0,1,1,reciprocal_pairs,1,1,1,3,0,1,1,1,0,0,3,3,3,0,0.0,1.0,1.0,1.0,0.0,reciprocal_pairs
FBgn0000055,FBtr0006151,FBtr0348491,0,0,4,0,1,2L:14615633:14616312:+|2L:14616427:14616512:+|2L:14616897:14616987:+|2L:14617633:14618535:+,2L:14615633:14616312:+|2L:14616427:14616512:+|2L:14616897:14616987:+|2L:14617633:14618535:+,,,2L:14615633:14616312:+|2L:14616427:14616512:+|2L:14616897:14616987:+|2L:14617633:14618535:+,0,0,5,0,1,,,2L:14615551:14615643:+|2L:14616302:14616437:+|2L:14616502:14616907:+|2L:14616977:14617643:+|2L:14618525:14618902:+,2,0,5,0.2857142857142857,0.7142857142857143,2L:14615551:14615556:+|2L:14618886:14618902:+,,2L:14615556:14615643:+|2L:14616302:14616437:+|2L:14616502:14616907:+|2L:14616977:14617643:+|2L:14618525:14618886:+,0,0,3,0,0,,,1654,21,0,21,1675,0.01253731343283582,0.9874626865671642,21,0,1654,1675,0.01253731343283582,0.9874626865671642,0,0,1,0,0,0,1,1,0,0,0,5,2,1,0,0,mel2mel_greater,FBtr0348491,1,FBtr0006151,1,1,2,0,0,FBtr0348491,FBtr0006151,0,1,1,1,0,0,2,2,2,0,0.0,1.0,1.0,1.0,0.0,0,0,0,0,1,1,reciprocal_pairs,1,1,1,2,0,1,1,1,0,0,2,2,2,0,0.0,1.0,1.0,1.0,0.0,reciprocal_pairs
FBgn0000052,FBtr0079220,FBtr0348014,0,0,2,0,1,2L:6042001:6042084:-|2L:6044341:6045930:-,2L:6042001:6042084:-|2L:6044341:6045930:-,,,2L:6042001:6042084:-|2L:6044341:6045930:-,0,0,3,0,1,,,2L:6041180:6042011:-|2L:6042074:6044351:-|2L:6045920:6046050:-,2,0,3,0.4,0.6,2L:6041180:6041183:-|2L:6046009:6046050:-,,2L:6041183:6042011:-|2L:6042074:6044351:-|2L:6045920:6046009:-,0,0,1,0,0,,,3194,44,0,44,3238,0.013588634959851761,0.9864113650401483,44,0,3194,3238,0.013588634959851761,0.9864113650401483,0,0,1,0,0,0,1,1,0,0,0,3,2,1,0,0,mel2mel_greater,FBtr0348014,1,FBtr0079220,1,1,2,0,0,FBtr0348014,FBtr0079220,0,1,1,1,0,0,2,2,2,0,0.0,1.0,1.0,1.0,0.0,0,0,0,0,1,1,reciprocal_pairs,1,1,1,2,0,1,1,1,0,0,2,2,2,0,0.0,1.0,1.0,1.0,0.0,reciprocal_pairs
FBgn0000028,FBtr0305195,FBtr0364108,0,0,6,0,1,X:15353157:15353234:-|X:15353372:15354236:-|X:15354448:15354545:-|X:15354666:15354764:-|X:15354943:15371521:-|X:15371678:15378198:-,X:15353157:15353234:-|X:15353372:15354236:-|X:15354448:15354545:-|X:15354666:15354764:-|X:15354943:15371521:-|X:15371678:15378198:-,,,X:15353157:15353234:-|X:15353372:15354236:-|X:15354448:15354545:-|X:15354666:15354764:-|X:15354943:15371521:-|X:15371678:15378198:-,0,0,7,0,1,,,X:15352356:15353167:-|X:15353224:15353382:-|X:15354226:15354458:-|X:15354535:15354676:-|X:15354754:15354953:-|X:15371511:15371688:-|X:15378188:15379064:-,2,0,7,0.2222222222222222,0.7777777777777778,X:15352356:15352409:-|X:15379059:15379064:-,,X:15352409:15353167:-|X:15353224:15353382:-|X:15354226:15354458:-|X:15354535:15354676:-|X:15354754:15354953:-|X:15371511:15371688:-|X:15378188:15379059:-,0,0,5,0,0,,,2536,58,0,58,2594,0.02235929067077872,0.9776407093292213,58,0,2536,2594,0.02235929067077872,0.9776407093292213,0,0,1,0,0,0,1,1,0,0,0,13,6,1,0,0,mel2mel_greater,FBtr0364108,1,FBtr0305195,1,1,2,1,1,FBtr0364108|FBtr0362039,FBtr0305195|FBtr0290063,0,1,1,1,0,0,2,2,2,0,0.0,1.0,1.0,1.0,0.0,0,0,0,0,1,1,partial_reciprocal_pairs,1,1,1,3,0,1,1,1,0,0,3,3,3,0,0.0,1.0,1.0,1.0,0.0,partial_reciprocal_pairs
FBgn0000028,FBtr0305195,FBtr0362039,0,0,6,0,1,X:15353157:15353234:-|X:15353372:15354236:-|X:15354448:15354545:-|X:15354666:15354764:-|X:15354943:15371521:-|X:15371678:15378198:-,X:15353157:15353234:-|X:15353372:15354236:-|X:15354448:15354545:-|X:15354666:15354764:-|X:15354943:15371521:-|X:15371678:15378198:-,,,X:15353157:15353234:-|X:15353372:15354236:-|X:15354448:15354545:-|X:15354666:15354764:-|X:15354943:15371521:-|X:15371678:15378198:-,0,0,7,0,1,,,X:15352356:15353167:-|X:15353224:15353382:-|X:15354226:15354458:-|X:15354535:15354676:-|X:15354754:15354953:-|X:15371511:15371688:-|X:15378188:15379064:-,2,0,7,0.2222222222222222,0.7777777777777778,X:15352356:15352409:-|X:15379059:15379064:-,,X:15352409:15353167:-|X:15353224:15353382:-|X:15354226:15354458:-|X:15354535:15354676:-|X:15354754:15354953:-|X:15371511:15371688:-|X:15378188:15379059:-,0,0,5,0,0,,,2536,58,0,58,2594,0.02235929067077872,0.9776407093292213,58,0,2536,2594,0.02235929067077872,0.9776407093292213,0,0,1,0,0,0,1,1,0,0,0,13,6,1,0,0,mel2mel_greater,FBtr0364108,0,FBtr0305195,1,0,2,1,1,FBtr0364108|FBtr0362039,FBtr0305195|FBtr0290063,0,0,0,0,0,0,2,2,2,0,0.0,1.0,1.0,1.0,0.0,0,0,0,0,0,0,partial_reciprocal_pairs,1,1,1,3,0,1,1,1,0,0,3,3,3,0,0.0,1.0,1.0,1.0,0.0,partial_reciprocal_pairs
FBgn0000028,FBtr0290063,FBtr0364108,0,0,6,0,1,X:15353157:15353234:-|X:15353372:15354236:-|X:15354448:15354545:-|X:15354666:15354764:-|X:15354943:15371521:-|X:15371678:15378198:-,X:15353157:15353234:-|X:15353372:15354236:-|X:15354448:15354545:-|X:15354666:15354764:-|X:15354943:15371521:-|X:15371678:15378198:-,,,X:15353157:15353234:-|X:15353372:15354236:-|X:15354448:15354545:-|X:15354666:15354764:-|X:15354943:15371521:-|X:15371678:15378198:-,0,0,7,0,1,,,X:15352356:15353167:-|X:15353224:15353382:-|X:15354226:15354458:-|X:15354535:15354676:-|X:15354754:15354953:-|X:15371511:15371688:-|X:15378188:15379064:-,2,0,7,0.2222222222222222,0.7777777777777778,X:15352356:15352409:-|X:15379059:15379064:-,,X:15352409:15353167:-|X:15353224:15353382:-|X:15354226:15354458:-|X:15354535:15354676:-|X:15354754:15354953:-|X:15371511:15371688:-|X:15378188:15379059:-,0,0,5,0,0,,,2536,58,0,58,2594,0.02235929067077872,0.9776407093292213,58,0,2536,2594,0.02235929067077872,0.9776407093292213,0,0,1,0,0,0,1,1,0,0,0,13,6,1,0,0,mel2mel_greater,FBtr0364108,1,FBtr0305195,0,0,2,1,1,FBtr0364108|FBtr0362039,FBtr0305195|FBtr0290063,0,0,0,0,0,0,2,2,2,0,0.0,1.0,1.0,1.0,0.0,0,0,0,0,0,0,partial_reciprocal_pairs,1,1,1,3,0,1,1,1,0,0,3,3,3,0,0.0,1.0,1.0,1.0,0.0,partial_reciprocal_pairs
FBgn0000028,FBtr0290063,FBtr0362039,0,0,6,0,1,X:15353157:15353234:-|X:15353372:15354236:-|X:15354448:15354545:-|X:15354666:15354764:-|X:15354943:15371521:-|X:15371678:15378198:-,X:15353157:15353234:-|X:15353372:15354236:-|X:15354448:15354545:-|X:15354666:15354764:-|X:15354943:15371521:-|X:15371678:15378198:-,,,X:15353157:15353234:-|X:15353372:15354236:-|X:15354448:15354545:-|X:15354666:15354764:-|X:15354943:15371521:-|X:15371678:15378198:-,0,0,7,0,1,,,X:15352356:15353167:-|X:15353224:15353382:-|X:15354226:15354458:-|X:15354535:15354676:-|X:15354754:15354953:-|X:15371511:15371688:-|X:15378188:15379064:-,2,0,7,0.2222222222222222,0.7777777777777778,X:15352356:15352409:-|X:15379059:15379064:-,,X:15352409:15353167:-|X:15353224:15353382:-|X:15354226:15354458:-|X:15354535:15354676:-|X:15354754:15354953:-|X:15371511:15371688:-|X:15378188:15379059:-,0,0,5,0,0,,,2536,58,0,58,2594,0.02235929067077872,0.9776407093292213,58,0,2536,2594,0.02235929067077872,0.9776407093292213,0,0,1,0,0,0,1,1,0,0,0,13,6,1,0,0,mel2mel_greater,FBtr0364108,0,FBtr0305195,0,0,2,1,1,FBtr0364108|FBtr0362039,FBtr0305195|FBtr0290063,0,0,0,0,0,0,2,2,2,0,0.0,1.0,1.0,1.0,0.0,0,0,0,0,0,0,partial_reciprocal_pairs,1,1,1,3,0,1,1,1,0,0,3,3,3,0,0.0,1.0,1.0,1.0,0.0,partial_reciprocal_pairs
FBgn0000028,FBtr0290064,FBtr0354362,0,0,5,0,1,X:15353157:15353234:-|X:15353372:15354236:-|X:15354448:15354545:-|X:15354666:15354764:-|X:15354943:15378198:-,X:15353157:15353234:-|X:15353372:15354236:-|X:15354448:15354545:-|X:15354666:15354764:-|X:15354943:15378198:-,,,X:15353157:15353234:-|X:15353372:15354236:-|X:15354448:15354545:-|X:15354666:15354764:-|X:15354943:15378198:-,0,0,6,0,1,,,X:15352356:15353167:-|X:15353224:15353382:-|X:15354226:15354458:-|X:15354535:15354676:-|X:15354754:15354953:-|X:15378188:15379064:-,2,0,6,0.25,0.75,X:15352356:15352409:-|X:15379059:15379064:-,,X:15352409:15353167:-|X:15353224:15353382:-|X:15354226:15354458:-|X:15354535:15354676:-|X:15354754:15354953:-|X:15378188:15379059:-,0,0,4,0,0,,,2359,58,0,58,2417,0.02399669011170873,0.9760033098882913,58,0,2359,2417,0.02399669011170873,0.9760033098882913,0,0,1,0,0,0,1,1,0,0,0,13,6,1,0,0,mel2mel_greater,FBtr0354362,1,FBtr0290064,1,1,2,0,0,FBtr0354362,FBtr0290064,0,1,1,1,0,0,2,2,2,0,0.0,1.0,1.0,1.0,0.0,0,0,0,0,1,1,partial_reciprocal_pairs,1,1,1,3,0,1,1,1,0,0,3,3,3,0,0.0,1.0,1.0,1.0,0.0,partial_reciprocal_pairs
FBgn0000057,FBtr0086744,FBtr0211253,0,0,1,0,1,2R:18152631:18152717:+,2R:18152631:18152717:+,,,2R:18152631:18152717:+,0,0,2,0,1,,,2R:18151620:18152641:+|2R:18152707:18154061:+,0,2,2,0.5,0.5,,2R:18151620:18151703:+|2R:18154060:18154061:+,2R:18151703:18152641:+|2R:18152707:18154060:+,0,0,0,0,0,,,2291,0,84,84,2375,0.03536842105263158,0.9646315789473684,0,84,2291,2375,0.03536842105263158,0.9646315789473684,0,0,1,0,0,0,1,1,0,0,0,1,1,0,0,1,match,FBtr0211253,1,FBtr0086744,1,1,1,0,0,FBtr0211253,FBtr0086744,0,1,1,1,0,0,1,1,1,0,0.0,1.0,1.0,1.0,0.0,0,0,0,0,1,1,reciprocal_pairs,1,1,1,1,0,1,1,1,0,0,1,1,1,0,0.0,1.0,1.0,1.0,0.0,reciprocal_pairs
FBgn0000032,FBtr0085610,FBtr0353386,0,0,3,0,1,3R:29991683:29991763:-|3R:29992002:29992092:-|3R:29992762:29992995:-,3R:29991683:29991763:-|3R:29992002:29992092:-|3R:29992762:29992995:-,,,3R:29991683:29991763:-|3R:29992002:29992092:-|3R:29992762:29992995:-,0,0,4,0,1,,,3R:29991138:29991693:-|3R:29991753:29992012:-|3R:29992082:29992772:-|3R:29992985:29993276:-,1,1,4,0.3333333333333333,0.6666666666666667,3R:29993216:29993276:-,3R:29991138:29991143:-,3R:29991143:29991693:-|3R:29991753:29992012:-|3R:29992082:29992772:-|3R:29992985:29993216:-,0,0,2,0,0,,,1730,60,5,65,1795,0.036211699164345405,0.9637883008356546,60,5,1730,1795,0.036211699164345405,0.9637883008356546,0,0,1,0,0,0,1,1,0,0,0,2,2,0,0,1,match,FBtr0353386,1,FBtr0085610,1,1,2,0,0,FBtr0353386,FBtr0085610,0,1,1,1,0,0,2,2,2,0,0.0,1.0,1.0,1.0,0.0,0,0,0,0,1,1,reciprocal_pairs,1,1,1,2,0,1,1,1,0,0,2,2,2,0,0.0,1.0,1.0,1.0,0.0,reciprocal_pairs
FBgn0000061,FBtr0078053,FBtr0222930,0,0,3,0,1,2L:378471:384520:+|2L:384884:385710:+|2L:385736:386712:+,2L:378471:384520:+|2L:384884:385710:+|2L:385736:386712:+,,,2L:378471:384520:+|2L:384884:385710:+|2L:385736:386712:+,0,0,4,0,1,,,2L:378111:378481:+|2L:384510:384894:+|2L:385700:385746:+|2L:386702:387554:+,0,1,4,0.2,0.8,,2L:387439:387554:+,2L:378111:378481:+|2L:384510:384894:+|2L:385700:385746:+|2L:386702:387439:+,0,0,3,0,0,,,1537,0,115,115,1652,0.06961259079903148,0.9303874092009685,0,115,1537,1652,0.06961259079903148,0.9303874092009685,0,0,1,0,0,0,0,1,0,0,0,1,1,0,0,1,match,FBtr0222930,1,FBtr0078053,1,1,1,0,0,FBtr0222930,FBtr0078053,0,1,1,1,0,0,1,1,1,0,0.0,1.0,1.0,1.0,0.0,0,0,0,0,0,1,reciprocal_pairs,1,1,1,1,0,1,1,1,0,0,1,1,1,0,0.0,1.0,1.0,1.0,0.0,reciprocal_pairs
FBgn0000053,FBtr0079431,FBtr0222428,0,0,5,0,1,2L:7016364:7016446:-|2L:7017476:7017554:-|2L:7017956:7018158:-|2L:7018364:7018440:-|2L:7019070:7023538:-,2L:7016364:7016446:-|2L:7017476:7017554:-|2L:7017956:7018158:-|2L:7018364:7018440:-|2L:7019070:7023538:-,,,2L:7016364:7016446:-|2L:7017476:7017554:-|2L:7017956:7018158:-|2L:7018364:7018440:-|2L:7019070:7023538:-,0,0,6,0,1,,,2L:7014622:7016374:-|2L:7016436:7017486:-|2L:7017544:7017966:-|2L:7018148:7018374:-|2L:7018430:7019080:-|2L:7023528:7023898:-,2,0,6,0.25,0.75,2L:7014622:7014965:-|2L:7023894:7023898:-,,2L:7014965:7016374:-|2L:7016436:7017486:-|2L:7017544:7017966:-|2L:7018148:7018374:-|2L:7018430:7019080:-|2L:7023528:7023894:-,0,0,4,0,0,,,4123,347,0,347,4470,0.07762863534675615,0.9223713646532439,347,0,4123,4470,0.07762863534675615,0.9223713646532439,0,0,1,0,0,0,1,1,0,0,0,2,1,1,0,0,mel2mel_greater,FBtr0222428,1,FBtr0079431,1,1,1,0,0,FBtr0222428,FBtr0079431,0,1,1,1,0,0,1,1,1,0,0.0,1.0,1.0,1.0,0.0,0,0,0,0,1,1,reciprocal_pairs,1,1,1,1,0,1,1,1,0,0,1,1,1,0,0.0,1.0,1.0,1.0,0.0,reciprocal_pairs
FBgn0000024,FBtr0300486,FBtr0350636,0,0,9,0,1,3R:13229760:13232688:-|3R:13232832:13232970:-|3R:13233114:13237138:-|3R:13237268:13238066:-|3R:13238189:13243228:-|3R:13243416:13243595:-|3R:13244121:13244270:-|3R:13244389:13245819:-|3R:13246644:13259462:-,3R:13229760:13232688:-|3R:13232832:13232970:-|3R:13233114:13237138:-|3R:13237268:13238066:-|3R:13238189:13243228:-|3R:13243416:13243595:-|3R:13244121:13244270:-|3R:13244389:13245819:-|3R:13246644:13259462:-,,,3R:13229760:13232688:-|3R:13232832:13232970:-|3R:13233114:13237138:-|3R:13237268:13238066:-|3R:13238189:13243228:-|3R:13243416:13243595:-|3R:13244121:13244270:-|3R:13244389:13245819:-|3R:13246644:13259462:-,0,0,10,0,1,,,3R:13227903:13229770:-|3R:13232678:13232842:-|3R:13232960:13233124:-|3R:13237128:13237278:-|3R:13238056:13238199:-|3R:13243218:13243426:-|3R:13243585:13244131:-|3R:13244260:13244399:-|3R:13245809:13246654:-|3R:13259452:13259517:-,0,1,10,0.09090909090909091,0.9090909090909091,,3R:13227903:13228241:-,3R:13228241:13229770:-|3R:13232678:13232842:-|3R:13232960:13233124:-|3R:13237128:13237278:-|3R:13238056:13238199:-|3R:13243218:13243426:-|3R:13243585:13244131:-|3R:13244260:13244399:-|3R:13245809:13246654:-|3R:13259452:13259517:-,0,0,9,0,0,,,3953,0,338,338,4291,0.07876951759496621,0.9212304824050338,0,338,3953,4291,0.07876951759496621,0.9212304824050338,0,0,1,0,0,0,0,1,0,0,0,3,3,0,0,1,match,FBtr0350636,1,FBtr0300486,1,1,3,0,0,FBtr0350636,FBtr0300486,0,1,1,1,0,0,3,3,3,0,0.0,1.0,1.0,1.0,0.0,0,0,0,0,0,1,reciprocal_pairs,1,1,1,3,0,1,1,1,0,0,3,3,3,0,0.0,1.0,1.0,1.0,0.0,reciprocal_pairs
FBgn0000008,FBtr0071764,FBtr0358259,0,0,7,0,1,2R:22138241:22151663:+|2R:22151685:22162914:+|2R:22163684:22164786:+|2R:22164979:22169253:+|2R:22170707:22170787:+|2R:22171975:22172091:+|2R:22172242:22172506:+,2R:22138241:22151663:+|2R:22151685:22162914:+|2R:22163684:22164786:+|2R:22164979:22169253:+|2R:22170707:22170787:+|2R:22171975:22172091:+|2R:22172242:22172506:+,,,2R:22138241:22151663:+|2R:22151685:22162914:+|2R:22163684:22164786:+|2R:22164979:22169253:+|2R:22170707:22170787:+|2R:22171975:22172091:+|2R:22172242:22172506:+,0,0,8,0,1,,,2R:22137432:22138251:+|2R:22151653:22151695:+|2R:22162904:22163694:+|2R:22164776:22164989:+|2R:22169243:22170717:+|2R:22170777:22171985:+|2R:22172081:22172252:+|2R:22172496:22172836:+,1,1,8,0.2,0.8,2R:22137432:22137999:+,2R:22172834:22172836:+,2R:22137999:22138251:+|2R:22151653:22151695:+|2R:22162904:22163694:+|2R:22164776:22164989:+|2R:22169243:22170717:+|2R:22170777:22171985:+|2R:22172081:22172252:+|2R:22172496:22172834:+,0,0,6,0,0,,,4488,567,2,569,5057,0.11251730274866521,0.8874826972513348,567,2,4488,5057,0.11251730274866521,0.8874826972513348,0,0,1,0,0,0,1,1,0,0,0,4,1,1,0,0,mel2mel_greater,FBtr0358259,1,FBtr0071764,1,1,1,0,0,FBtr0358259,FBtr0071764,0,1,1,1,0,0,1,1,1,0,0.0,1.0,1.0,1.0,0.0,0,0,0,0,1,1,reciprocal_pairs,1,1,1,1,0,1,1,1,0,0,1,1,1,0,0.0,1.0,1.0,1.0,0.0,reciprocal_pairs
FBgn0000064,FBtr0306657,FBtr0364624,0,0,2,0,1,3R:26256297:26256942:-|3R:26257122:26261167:-,3R:26256297:26256942:-|3R:26257122:26261167:-,,,3R:26256297:26256942:-|3R:26257122:26261167:-,0,0,3,0,1,,,3R:26255963:26256307:-|3R:26256932:26257132:-|3R:26261157:26261570:-,0,2,3,0.4,0.6,,3R:26255963:26255965:-|3R:26261412:26261570:-,3R:26255965:26256307:-|3R:26256932:26257132:-|3R:26261157:26261412:-,0,0,1,0,0,,,797,0,160,160,957,0.1671891327063741,0.8328108672936259,0,160,797,957,0.1671891327063741,0.8328108672936259,0,0,1,0,0,0,1,1,0,0,0,9,6,1,0,0,mel2mel_greater,FBtr0364624,1,FBtr0306657,1,1,6,0,0,FBtr0364624,FBtr0306657,0,1,1,1,0,0,5,6,6,0,0.0,0.8333333333333334,1.0,1.0,0.0,0,0,0,0,1,1,reciprocal_pairs,1,1,1,6,0,1,1,1,0,0,5,6,6,0,0.0,0.8333333333333334,1.0,1.0,0.0,reciprocal_pairs
FBgn0000056,FBtr0343699,FBtr0351844,0,0,1,0,1,2L:14617633:14618535:+,2L:14617633:14618535:+,,,2L:14617633:14618535:+,0,0,2,0,1,,,2L:14617510:14617643:+|2L:14618525:14618902:+,2,0,2,0.5,0.5,2L:14617510:14617585:+|2L:14618886:14618902:+,,2L:14617585:14617643:+|2L:14618525:14618886:+,0,0,0,0,0,,,419,91,0,91,510,0.1784313725490196,0.8215686274509804,91,0,419,510,0.1784313725490196,0.8215686274509804,0,0,1,0,0,0,1,1,0,0,0,1,1,0,0,1,match,FBtr0351844,1,FBtr0343699,1,1,1,0,0,FBtr0351844,FBtr0343699,0,1,1,1,0,0,1,1,1,0,0.0,1.0,1.0,1.0,0.0,0,0,0,0,1,1,reciprocal_pairs,1,1,1,1,0,1,1,1,0,0,1,1,1,0,0.0,1.0,1.0,1.0,0.0,reciprocal_pairs
FBgn0000063,FBtr0083478,FBtr0219090,0,0,2,0,1,3R:17671557:17671859:+|3R:17672847:17673586:+,3R:17671557:17671859:+|3R:17672847:17673586:+,,,3R:17671557:17671859:+|3R:17672847:17673586:+,0,0,3,0,1,,,3R:17671262:17671567:+|3R:17671849:17672857:+|3R:17673576:17674342:+,0,2,3,0.4,0.6,,3R:17671262:17671270:+|3R:17673828:17674342:+,3R:17671270:17671567:+|3R:17671849:17672857:+|3R:17673576:17673828:+,0,0,1,0,0,,,1557,0,522,522,2079,0.2510822510822511,0.748917748917749,0,522,1557,2079,0.2510822510822511,0.748917748917749,0,0,1,0,0,0,1,1,0,0,0,2,1,1,0,0,mel2mel_greater,FBtr0219090,1,FBtr0083478,1,1,1,0,0,FBtr0219090,FBtr0083478,0,1,1,1,0,0,1,1,1,0,0.0,1.0,1.0,1.0,0.0,0,0,0,0,1,1,reciprocal_pairs,1,1,1,1,0,1,1,1,0,0,1,1,1,0,0.0,1.0,1.0,1.0,0.0,reciprocal_pairs
FBgn0000064,FBtr0084994,FBtr0360068,0,0,2,0,1,3R:26255421:26256942:-|3R:26257122:26261345:-,3R:26255421:26256942:-|3R:26257122:26261345:-,,,3R:26255421:26256942:-|3R:26257122:26261345:-,0,0,3,0,1,,,3R:26254068:26255431:-|3R:26256932:26257132:-|3R:26261335:26261591:-,2,0,3,0.4,0.6,3R:26254068:26254532:-|3R:26261586:26261591:-,,3R:26254532:26255431:-|3R:26256932:26257132:-|3R:26261335:26261586:-,0,0,1,0,0,,,1350,469,0,469,1819,0.25783397471137987,0.7421660252886202,469,0,1350,1819,0.25783397471137987,0.7421660252886202,0,0,1,0,0,0,1,1,0,0,0,9,6,1,0,0,mel2mel_greater,FBtr0360068,1,FBtr0084994,1,1,6,0,0,FBtr0360068,FBtr0084994,0,1,1,1,0,0,5,6,6,0,0.0,0.8333333333333334,1.0,1.0,0.0,0,0,0,0,1,1,reciprocal_pairs,1,1,1,6,0,1,1,1,0,0,5,6,6,0,0.0,0.8333333333333334,1.0,1.0,0.0,reciprocal_pairs
FBgn0000015,FBtr0083384,FBtr0360356,0,0,3,0,1,3R:16929570:16929647:-|3R:16929842:16931125:-|3R:16931307:16932380:-,3R:16929570:16929647:-|3R:16929842:16931125:-|3R:16931307:16932380:-,,,3R:16929570:16929647:-|3R:16929842:16931125:-|3R:16931307:16932380:-,0,0,4,0,1,,,3R:16927211:16929580:-|3R:16929637:16929852:-|3R:16931115:16931317:-|3R:16932370:16934242:-,2,0,4,0.3333333333333333,0.6666666666666667,3R:16927211:16927664:-|3R:16933322:16934242:-,,3R:16927664:16929580:-|3R:16929637:16929852:-|3R:16931115:16931317:-|3R:16932370:16933322:-,0,0,2,0,0,,,3285,1373,0,1373,4658,0.2947617003005582,0.7052382996994417,1373,0,3285,4658,0.2947617003005582,0.7052382996994417,0,0,1,0,0,0,1,1,0,0,0,5,1,1,0,0,mel2mel_greater,FBtr0360356,1,FBtr0083384,1,1,1,0,0,FBtr0360356,FBtr0083384,0,1,1,1,0,0,1,1,1,0,0.0,1.0,1.0,1.0,0.0,0,0,0,0,1,1,reciprocal_pairs,1,1,1,1,0,1,1,1,0,0,1,1,1,0,0.0,1.0,1.0,1.0,0.0,reciprocal_pairs
FBgn0000014,FBtr0083388,FBtr0349354,0,0,3,0,1,3R:16810051:16810141:-|3R:16810345:16822431:-|3R:16822459:16827144:-,3R:16810051:16810141:-|3R:16810345:16822431:-|3R:16822459:16827144:-,,,3R:16810051:16810141:-|3R:16810345:16822431:-|3R:16822459:16827144:-,0,0,4,0,1,,,3R:16807626:16810061:-|3R:16810131:16810355:-|3R:16822421:16822469:-|3R:16827134:16828583:-,1,1,4,0.3333333333333333,0.6666666666666667,3R:16807626:16808436:-,3R:16828105:16828583:-,3R:16808436:16810061:-|3R:16810131:16810355:-|3R:16822421:16822469:-|3R:16827134:16828105:-,0,0,2,0,0,,,2868,810,478,1288,4156,0.30991337824831566,0.6900866217516843,810,478,2868,4156,0.30991337824831566,0.6900866217516843,0,0,1,0,0,0,1,1,0,0,0,3,3,0,0,1,match,FBtr0349354,1,FBtr0083388,1,1,2,0,0,FBtr0349354,FBtr0083388,0,1,1,1,0,0,2,2,2,0,0.0,1.0,1.0,1.0,0.0,0,0,0,0,1,1,partial_reciprocal_pairs,1,1,1,2,0,1,1,1,0,0,2,2,2,0,0.0,1.0,1.0,1.0,0.0,partial_reciprocal_pairs
FBgn0000014,FBtr0300485,FBtr0352852,0,0,4,0,1,3R:16810051:16810141:-|3R:16810345:16822431:-|3R:16822459:16826060:-|3R:16826297:16828930:-,3R:16810051:16810141:-|3R:16810345:16822431:-|3R:16822459:16826060:-|3R:16826297:16828930:-,,,3R:16810051:16810141:-|3R:16810345:16822431:-|3R:16822459:16826060:-|3R:16826297:16828930:-,0,0,5,0,1,,,3R:16807213:16810061:-|3R:16810131:16810355:-|3R:16822421:16822469:-|3R:16826050:16826307:-|3R:16828920:16830882:-,1,1,5,0.2857142857142857,0.7142857142857143,3R:16807213:16808436:-,3R:16830049:16830882:-,3R:16808436:16810061:-|3R:16810131:16810355:-|3R:16822421:16822469:-|3R:16826050:16826307:-|3R:16828920:16830049:-,0,0,3,0,0,,,3283,1223,833,2056,5339,0.3850908409814572,0.6149091590185428,1223,833,3283,5339,0.3850908409814572,0.6149091590185428,0,0,1,0,0,0,1,1,0,0,0,3,3,0,0,1,match,FBtr0352852,1,FBtr0300485,1,1,2,0,0,FBtr0352852,FBtr0300485,0,1,1,1,0,0,2,2,2,0,0.0,1.0,1.0,1.0,0.0,0,0,0,0,1,1,partial_reciprocal_pairs,1,1,1,2,0,1,1,1,0,0,2,2,2,0,0.0,1.0,1.0,1.0,0.0,partial_reciprocal_pairs
FBgn0000014,FBtr0300485,FBtr0361182,0,0,4,0,1,3R:16810051:16810141:-|3R:16810345:16822431:-|3R:16822459:16826060:-|3R:16826297:16828930:-,3R:16810051:16810141:-|3R:16810345:16822431:-|3R:16822459:16826060:-|3R:16826297:16828930:-,,,3R:16810051:16810141:-|3R:16810345:16822431:-|3R:16822459:16826060:-|3R:16826297:16828930:-,0,0,5,0,1,,,3R:16807213:16810061:-|3R:16810131:16810355:-|3R:16822421:16822469:-|3R:16826050:16826307:-|3R:16828920:16830885:-,1,1,5,0.2857142857142857,0.7142857142857143,3R:16807213:16808436:-,3R:16830049:16830885:-,3R:16808436:16810061:-|3R:16810131:16810355:-|3R:16822421:16822469:-|3R:16826050:16826307:-|3R:16828920:16830049:-,0,0,3,0,0,,,3283,1223,836,2059,5342,0.3854361662298765,0.6145638337701236,1223,836,3283,5342,0.3854361662298765,0.6145638337701236,0,0,1,0,0,0,1,1,0,0,0,3,3,0,0,1,match,FBtr0352852,0,FBtr0300485,1,0,2,0,0,FBtr0361182,FBtr0300485,0,0,0,0,0,0,2,2,2,0,0.0,1.0,1.0,1.0,0.0,0,0,0,0,0,0,partial_reciprocal_pairs,0,1,0,2,0,0,0,0,0,0,2,2,2,0,0.0,1.0,1.0,1.0,0.0,partial_reciprocal_pairs
FBgn0000022,FBtr0070072,FBtr0365347,0,0,0,0,1,,,,,,0,0,1,0,1,,,X:369532:370947:+,1,1,1,0.6666666666666666,0.33333333333333337,X:370845:370947:+,X:369532:370030:+,X:370030:370845:+,0,0,0,0,0,,,815,102,498,600,1415,0.42402826855123676,0.5759717314487632,102,498,815,1415,0.42402826855123676,0.5759717314487632,0,0,1,,,0,1,1,0,0,0,1,1,0,0,1,match,FBtr0365347,1,FBtr0070072,1,1,1,0,0,FBtr0365347,FBtr0070072,0,1,1,1,0,0,1,1,1,0,0.0,1.0,1.0,1.0,0.0,0,0,0,0,1,1,reciprocal_pairs,1,1,1,1,0,1,1,1,0,0,1,1,1,0,0.0,1.0,1.0,1.0,0.0,reciprocal_pairs
FBgn0000064,FBtr0310660,FBtr0354132,0,0,2,0,1,3R:26255421:26256942:-|3R:26257122:26258996:-,3R:26255421:26256942:-|3R:26257122:26258996:-,,,3R:26255421:26256942:-|3R:26257122:26258996:-,0,0,3,0,1,,,3R:26254532:26255431:-|3R:26256932:26257132:-|3R:26258986:26259213:-,1,1,3,0.4,0.6,3R:26259208:26259213:-,3R:26254532:26255203:-,3R:26255203:26255431:-|3R:26256932:26257132:-|3R:26258986:26259208:-,0,0,1,0,0,,,650,5,671,676,1326,0.5098039215686274,0.4901960784313726,5,671,650,1326,0.5098039215686274,0.4901960784313726,0,0,1,0,0,0,1,1,0,0,0,9,6,1,0,0,mel2mel_greater,FBtr0354132,1,FBtr0310660,1,1,6,0,0,FBtr0354132,FBtr0310660,0,1,1,1,0,0,5,6,6,0,0.0,0.8333333333333334,1.0,1.0,0.0,0,0,0,0,1,1,reciprocal_pairs,1,1,1,6,0,1,1,1,0,0,5,6,6,0,0.0,0.8333333333333334,1.0,1.0,0.0,reciprocal_pairs
FBgn0000064,FBtr0084995,FBtr0365535,0,0,2,0,1,3R:26255421:26256942:-|3R:26257122:26259811:-,3R:26255421:26256942:-|3R:26257122:26259811:-,,,3R:26255421:26256942:-|3R:26257122:26259811:-,0,0,3,0,1,,,3R:26254532:26255431:-|3R:26256932:26257132:-|3R:26259801:26259835:-,1,1,3,0.4,0.6,3R:26259830:26259835:-,3R:26254532:26255203:-,3R:26255203:26255431:-|3R:26256932:26257132:-|3R:26259801:26259830:-,0,0,1,0,0,,,457,5,671,676,1133,0.5966460723742277,0.40335392762577227,5,671,457,1133,0.5966460723742277,0.40335392762577227,0,0,1,0,0,0,1,1,0,0,0,9,6,1,0,0,mel2mel_greater,FBtr0365535,1,FBtr0084995,1,1,6,0,0,FBtr0365535,FBtr0084995,0,1,1,1,0,0,5,6,6,0,0.0,0.8333333333333334,1.0,1.0,0.0,0,0,0,0,1,1,reciprocal_pairs,1,1,1,6,0,1,1,1,0,0,5,6,6,0,0.0,0.8333333333333334,1.0,1.0,0.0,reciprocal_pairs
FBgn0000039,FBtr0084640,FBtr0221013,1,0,5,0.16666666666666666,0.8333333333333334,3R:24485829:24485917:+|3R:24486190:24487140:+|3R:24487275:24487432:+|3R:24487593:24488461:+|3R:24488601:24488790:+|3R:24489356:24490827:+,3R:24486190:24487140:+|3R:24487275:24487432:+|3R:24487593:24488461:+|3R:24488601:24488790:+|3R:24489356:24490827:+,3R:24485829:24485917:+,,3R:24486190:24487140:+|3R:24487275:24487432:+|3R:24487593:24488461:+|3R:24488601:24488790:+|3R:24489356:24490827:+,0,0,6,0.0,1.0,,,3R:24485421:24486200:+|3R:24487130:24487285:+|3R:24487422:24487603:+|3R:24488451:24488611:+|3R:24488780:24489366:+|3R:24490817:24491150:+,0,3,7,0.3,0.7,,3R:24485421:24485427:+|3R:24485839:24485907:+|3R:24491147:24491150:+,3R:24485427:24485839:+|3R:24485907:24486200:+|3R:24487130:24487285:+|3R:24487422:24487603:+|3R:24488451:24488611:+|3R:24488780:24489366:+|3R:24490817:24491147:+,0,0,4,0,1,,3R:24485839:24485907:+,2117,0,77,77,2194,0.03509571558796718,0.9649042844120328,0,77,2117,2194,0.03509571558796718,0.9649042844120328,0,0,0,0,1,1,1,1,0,0,0,2,1,1,0,0,mel2mel_greater,FBtr0221013,1,FBtr0084639,0,0,1,0,0,FBtr0221013,FBtr0084640,0,0,0,0,0,0,1,1,1,0,0.0,1.0,1.0,1.0,0.0,0,0,0,0,0,0,reciprocal_pairs,1,0,0,1,0,0,0,0,0,0,1,1,1,0,0.0,1.0,1.0,1.0,0.0,reciprocal_pairs
FBgn0000028,FBtr0305194,FBtr0364108,1,1,5,0.2857142857142857,0.7142857142857143,X:15353157:15353234:-|X:15353372:15354236:-|X:15354448:15354545:-|X:15354666:15354764:-|X:15354922:15371521:-|X:15371678:15378198:-,X:15353157:15353234:-|X:15353372:15354236:-|X:15354448:15354545:-|X:15354666:15354764:-|X:15354943:15371521:-|X:15371678:15378198:-,X:15354922:15371521:-,X:15354943:15371521:-,X:15353157:15353234:-|X:15353372:15354236:-|X:15354448:15354545:-|X:15354666:15354764:-|X:15371678:15378198:-,0,0,7,0.0,1.0,,,X:15352356:15353167:-|X:15353224:15353382:-|X:15354226:15354458:-|X:15354535:15354676:-|X:15354754:15354953:-|X:15371511:15371688:-|X:15378188:15379064:-,2,1,7,0.3,0.7,X:15352356:15352409:-|X:15379059:15379064:-,X:15354932:15354953:-,X:15352409:15353167:-|X:15353224:15353382:-|X:15354226:15354458:-|X:15354535:15354676:-|X:15354754:15354932:-|X:15371511:15371688:-|X:15378188:15379059:-,0,0,4,0,0,,,2515,58,21,79,2594,0.030454895913646876,0.9695451040863531,58,21,2515,2594,0.030454895913646876,0.9695451040863531,0,0,0,0,0,0,1,1,1,0,0,13,6,1,0,0,mel2mel_greater,FBtr0364108,1,FBtr0305195,0,0,2,1,1,FBtr0364108|FBtr0362039,FBtr0305194|FBtr0100326,0,0,0,0,0,0,2,2,2,0,0.0,1.0,1.0,1.0,0.0,0,0,0,0,0,0,partial_reciprocal_pairs,1,0,0,3,0,0,0,0,0,0,3,3,3,0,0.0,1.0,1.0,1.0,0.0,partial_reciprocal_pairs
FBgn0000028,FBtr0305194,FBtr0362039,1,1,5,0.2857142857142857,0.7142857142857143,X:15353157:15353234:-|X:15353372:15354236:-|X:15354448:15354545:-|X:15354666:15354764:-|X:15354922:15371521:-|X:15371678:15378198:-,X:15353157:15353234:-|X:15353372:15354236:-|X:15354448:15354545:-|X:15354666:15354764:-|X:15354943:15371521:-|X:15371678:15378198:-,X:15354922:15371521:-,X:15354943:15371521:-,X:15353157:15353234:-|X:15353372:15354236:-|X:15354448:15354545:-|X:15354666:15354764:-|X:15371678:15378198:-,0,0,7,0.0,1.0,,,X:15352356:15353167:-|X:15353224:15353382:-|X:15354226:15354458:-|X:15354535:15354676:-|X:15354754:15354953:-|X:15371511:15371688:-|X:15378188:15379064:-,2,1,7,0.3,0.7,X:15352356:15352409:-|X:15379059:15379064:-,X:15354932:15354953:-,X:15352409:15353167:-|X:15353224:15353382:-|X:15354226:15354458:-|X:15354535:15354676:-|X:15354754:15354932:-|X:15371511:15371688:-|X:15378188:15379059:-,0,0,4,0,0,,,2515,58,21,79,2594,0.030454895913646876,0.9695451040863531,58,21,2515,2594,0.030454895913646876,0.9695451040863531,0,0,0,0,0,0,1,1,1,0,0,13,6,1,0,0,mel2mel_greater,FBtr0364108,0,FBtr0305195,0,0,2,1,1,FBtr0364108|FBtr0362039,FBtr0305194|FBtr0100326,0,0,0,0,0,0,2,2,2,0,0.0,1.0,1.0,1.0,0.0,0,0,0,0,0,0,partial_reciprocal_pairs,1,0,0,3,0,0,0,0,0,0,3,3,3,0,0.0,1.0,1.0,1.0,0.0,partial_reciprocal_pairs
FBgn0000028,FBtr0100326,FBtr0364108,1,1,5,0.2857142857142857,0.7142857142857143,X:15353157:15353234:-|X:15353372:15354236:-|X:15354448:15354545:-|X:15354666:15354764:-|X:15354922:15371521:-|X:15371678:15378198:-,X:15353157:15353234:-|X:15353372:15354236:-|X:15354448:15354545:-|X:15354666:15354764:-|X:15354943:15371521:-|X:15371678:15378198:-,X:15354922:15371521:-,X:15354943:15371521:-,X:15353157:15353234:-|X:15353372:15354236:-|X:15354448:15354545:-|X:15354666:15354764:-|X:15371678:15378198:-,0,0,7,0.0,1.0,,,X:15352356:15353167:-|X:15353224:15353382:-|X:15354226:15354458:-|X:15354535:15354676:-|X:15354754:15354953:-|X:15371511:15371688:-|X:15378188:15379064:-,2,1,7,0.3,0.7,X:15352356:15352409:-|X:15379059:15379064:-,X:15354932:15354953:-,X:15352409:15353167:-|X:15353224:15353382:-|X:15354226:15354458:-|X:15354535:15354676:-|X:15354754:15354932:-|X:15371511:15371688:-|X:15378188:15379059:-,0,0,4,0,0,,,2515,58,21,79,2594,0.030454895913646876,0.9695451040863531,58,21,2515,2594,0.030454895913646876,0.9695451040863531,0,0,0,0,0,0,1,1,1,0,0,13,6,1,0,0,mel2mel_greater,FBtr0364108,1,FBtr0305195,0,0,2,1,1,FBtr0364108|FBtr0362039,FBtr0305194|FBtr0100326,0,0,0,0,0,0,2,2,2,0,0.0,1.0,1.0,1.0,0.0,0,0,0,0,0,0,partial_reciprocal_pairs,1,0,0,3,0,0,0,0,0,0,3,3,3,0,0.0,1.0,1.0,1.0,0.0,partial_reciprocal_pairs
FBgn0000028,FBtr0100326,FBtr0362039,1,1,5,0.2857142857142857,0.7142857142857143,X:15353157:15353234:-|X:15353372:15354236:-|X:15354448:15354545:-|X:15354666:15354764:-|X:15354922:15371521:-|X:15371678:15378198:-,X:15353157:15353234:-|X:15353372:15354236:-|X:15354448:15354545:-|X:15354666:15354764:-|X:15354943:15371521:-|X:15371678:15378198:-,X:15354922:15371521:-,X:15354943:15371521:-,X:15353157:15353234:-|X:15353372:15354236:-|X:15354448:15354545:-|X:15354666:15354764:-|X:15371678:15378198:-,0,0,7,0.0,1.0,,,X:15352356:15353167:-|X:15353224:15353382:-|X:15354226:15354458:-|X:15354535:15354676:-|X:15354754:15354953:-|X:15371511:15371688:-|X:15378188:15379064:-,2,1,7,0.3,0.7,X:15352356:15352409:-|X:15379059:15379064:-,X:15354932:15354953:-,X:15352409:15353167:-|X:15353224:15353382:-|X:15354226:15354458:-|X:15354535:15354676:-|X:15354754:15354932:-|X:15371511:15371688:-|X:15378188:15379059:-,0,0,4,0,0,,,2515,58,21,79,2594,0.030454895913646876,0.9695451040863531,58,21,2515,2594,0.030454895913646876,0.9695451040863531,0,0,0,0,0,0,1,1,1,0,0,13,6,1,0,0,mel2mel_greater,FBtr0364108,0,FBtr0305195,0,0,2,1,1,FBtr0364108|FBtr0362039,FBtr0305194|FBtr0100326,0,0,0,0,0,0,2,2,2,0,0.0,1.0,1.0,1.0,0.0,0,0,0,0,0,0,partial_reciprocal_pairs,1,0,0,3,0,0,0,0,0,0,3,3,3,0,0.0,1.0,1.0,1.0,0.0,partial_reciprocal_pairs
FBgn0000028,FBtr0305195,FBtr0363590,1,1,5,0.2857142857142857,0.7142857142857143,X:15353157:15353234:-|X:15353372:15354236:-|X:15354448:15354545:-|X:15354666:15354764:-|X:15354943:15371521:-|X:15371678:15378198:-,X:15353157:15353234:-|X:15353378:15354236:-|X:15354448:15354545:-|X:15354666:15354764:-|X:15354943:15371521:-|X:15371678:15378198:-,X:15353372:15354236:-,X:15353378:15354236:-,X:15353157:15353234:-|X:15354448:15354545:-|X:15354666:15354764:-|X:15354943:15371521:-|X:15371678:15378198:-,0,0,7,0.0,1.0,,,X:15352356:15353167:-|X:15353224:15353388:-|X:15354226:15354458:-|X:15354535:15354676:-|X:15354754:15354953:-|X:15371511:15371688:-|X:15378188:15379064:-,2,1,7,0.3,0.7,X:15352356:15352409:-|X:15378972:15379064:-,X:15353382:15353388:-,X:15352409:15353167:-|X:15353224:15353382:-|X:15354226:15354458:-|X:15354535:15354676:-|X:15354754:15354953:-|X:15371511:15371688:-|X:15378188:15378972:-,0,0,4,0,0,,,2449,145,6,151,2600,0.058076923076923075,0.941923076923077,145,6,2449,2600,0.058076923076923075,0.941923076923077,0,0,0,0,0,0,1,1,1,0,0,13,6,1,0,0,mel2mel_greater,FBtr0364108,0,FBtr0305195,1,0,2,0,1,FBtr0363590,FBtr0305195|FBtr0290063,0,0,0,0,0,0,2,2,2,0,0.0,1.0,1.0,1.0,0.0,0,0,0,0,0,0,partial_reciprocal_pairs,0,1,0,3,0,0,0,0,0,0,3,3,3,0,0.0,1.0,1.0,1.0,0.0,partial_reciprocal_pairs
FBgn0000028,FBtr0290063,FBtr0363590,1,1,5,0.2857142857142857,0.7142857142857143,X:15353157:15353234:-|X:15353372:15354236:-|X:15354448:15354545:-|X:15354666:15354764:-|X:15354943:15371521:-|X:15371678:15378198:-,X:15353157:15353234:-|X:15353378:15354236:-|X:15354448:15354545:-|X:15354666:15354764:-|X:15354943:15371521:-|X:15371678:15378198:-,X:15353372:15354236:-,X:15353378:15354236:-,X:15353157:15353234:-|X:15354448:15354545:-|X:15354666:15354764:-|X:15354943:15371521:-|X:15371678:15378198:-,0,0,7,0.0,1.0,,,X:15352356:15353167:-|X:15353224:15353388:-|X:15354226:15354458:-|X:15354535:15354676:-|X:15354754:15354953:-|X:15371511:15371688:-|X:15378188:15379064:-,2,1,7,0.3,0.7,X:15352356:15352409:-|X:15378972:15379064:-,X:15353382:15353388:-,X:15352409:15353167:-|X:15353224:15353382:-|X:15354226:15354458:-|X:15354535:15354676:-|X:15354754:15354953:-|X:15371511:15371688:-|X:15378188:15378972:-,0,0,4,0,0,,,2449,145,6,151,2600,0.058076923076923075,0.941923076923077,145,6,2449,2600,0.058076923076923075,0.941923076923077,0,0,0,0,0,0,1,1,1,0,0,13,6,1,0,0,mel2mel_greater,FBtr0364108,0,FBtr0305195,0,0,2,0,1,FBtr0363590,FBtr0305195|FBtr0290063,0,0,0,0,0,0,2,2,2,0,0.0,1.0,1.0,1.0,0.0,0,0,0,0,0,0,partial_reciprocal_pairs,0,1,0,3,0,0,0,0,0,0,3,3,3,0,0.0,1.0,1.0,1.0,0.0,partial_reciprocal_pairs
FBgn0000028,FBtr0305195,FBtr0359429,1,1,5,0.2857142857142857,0.7142857142857143,X:15353157:15353234:-|X:15353372:15354236:-|X:15354448:15354545:-|X:15354666:15354764:-|X:15354943:15371521:-|X:15371678:15378198:-,X:15353157:15353234:-|X:15353378:15354236:-|X:15354448:15354545:-|X:15354666:15354764:-|X:15354943:15371521:-|X:15371678:15378198:-,X:15353372:15354236:-,X:15353378:15354236:-,X:15353157:15353234:-|X:15354448:15354545:-|X:15354666:15354764:-|X:15354943:15371521:-|X:15371678:15378198:-,0,0,7,0.0,1.0,,,X:15352356:15353167:-|X:15353224:15353388:-|X:15354226:15354458:-|X:15354535:15354676:-|X:15354754:15354953:-|X:15371511:15371688:-|X:15378188:15379064:-,2,1,7,0.3,0.7,X:15352356:15352409:-|X:15378970:15379064:-,X:15353382:15353388:-,X:15352409:15353167:-|X:15353224:15353382:-|X:15354226:15354458:-|X:15354535:15354676:-|X:15354754:15354953:-|X:15371511:15371688:-|X:15378188:15378970:-,0,0,4,0,0,,,2447,147,6,153,2600,0.05884615384615385,0.9411538461538461,147,6,2447,2600,0.05884615384615385,0.9411538461538461,0,0,0,0,0,0,1,1,1,0,0,13,6,1,0,0,mel2mel_greater,FBtr0364108,0,FBtr0305195,1,0,2,0,1,FBtr0359429,FBtr0305195|FBtr0290063,0,0,0,0,0,0,2,2,2,0,0.0,1.0,1.0,1.0,0.0,0,0,0,0,0,0,partial_reciprocal_pairs,0,1,0,3,0,0,0,0,0,0,3,3,3,0,0.0,1.0,1.0,1.0,0.0,partial_reciprocal_pairs
FBgn0000028,FBtr0290063,FBtr0359429,1,1,5,0.2857142857142857,0.7142857142857143,X:15353157:15353234:-|X:15353372:15354236:-|X:15354448:15354545:-|X:15354666:15354764:-|X:15354943:15371521:-|X:15371678:15378198:-,X:15353157:15353234:-|X:15353378:15354236:-|X:15354448:15354545:-|X:15354666:15354764:-|X:15354943:15371521:-|X:15371678:15378198:-,X:15353372:15354236:-,X:15353378:15354236:-,X:15353157:15353234:-|X:15354448:15354545:-|X:15354666:15354764:-|X:15354943:15371521:-|X:15371678:15378198:-,0,0,7,0.0,1.0,,,X:15352356:15353167:-|X:15353224:15353388:-|X:15354226:15354458:-|X:15354535:15354676:-|X:15354754:15354953:-|X:15371511:15371688:-|X:15378188:15379064:-,2,1,7,0.3,0.7,X:15352356:15352409:-|X:15378970:15379064:-,X:15353382:15353388:-,X:15352409:15353167:-|X:15353224:15353382:-|X:15354226:15354458:-|X:15354535:15354676:-|X:15354754:15354953:-|X:15371511:15371688:-|X:15378188:15378970:-,0,0,4,0,0,,,2447,147,6,153,2600,0.05884615384615385,0.9411538461538461,147,6,2447,2600,0.05884615384615385,0.9411538461538461,0,0,0,0,0,0,1,1,1,0,0,13,6,1,0,0,mel2mel_greater,FBtr0364108,0,FBtr0305195,0,0,2,0,1,FBtr0359429,FBtr0305195|FBtr0290063,0,0,0,0,0,0,2,2,2,0,0.0,1.0,1.0,1.0,0.0,0,0,0,0,0,0,partial_reciprocal_pairs,0,1,0,3,0,0,0,0,0,0,3,3,3,0,0.0,1.0,1.0,1.0,0.0,partial_reciprocal_pairs
FBgn0000028,FBtr0305196,FBtr0363590,1,1,5,0.2857142857142857,0.7142857142857143,X:15353157:15353234:-|X:15353378:15354236:-|X:15354448:15354545:-|X:15354666:15354764:-|X:15354922:15371521:-|X:15371678:15378198:-,X:15353157:15353234:-|X:15353378:15354236:-|X:15354448:15354545:-|X:15354666:15354764:-|X:15354943:15371521:-|X:15371678:15378198:-,X:15354922:15371521:-,X:15354943:15371521:-,X:15353157:15353234:-|X:15353378:15354236:-|X:15354448:15354545:-|X:15354666:15354764:-|X:15371678:15378198:-,0,0,7,0.0,1.0,,,X:15352356:15353167:-|X:15353224:15353388:-|X:15354226:15354458:-|X:15354535:15354676:-|X:15354754:15354953:-|X:15371511:15371688:-|X:15378188:15379064:-,2,1,7,0.3,0.7,X:15352356:15352409:-|X:15378972:15379064:-,X:15354932:15354953:-,X:15352409:15353167:-|X:15353224:15353388:-|X:15354226:15354458:-|X:15354535:15354676:-|X:15354754:15354932:-|X:15371511:15371688:-|X:15378188:15378972:-,0,0,4,0,0,,,2434,145,21,166,2600,0.06384615384615384,0.9361538461538461,145,21,2434,2600,0.06384615384615384,0.9361538461538461,0,0,0,0,0,0,1,1,1,0,0,13,6,1,0,0,mel2mel_greater,FBtr0363590,1,FBtr0305195,0,0,2,0,1,FBtr0363590,FBtr0305196|FBtr0305193,0,0,0,0,0,0,2,2,2,0,0.0,1.0,1.0,1.0,0.0,0,0,0,0,0,0,partial_reciprocal_pairs,1,0,0,3,0,0,0,0,0,0,3,3,3,0,0.0,1.0,1.0,1.0,0.0,partial_reciprocal_pairs
FBgn0000028,FBtr0305193,FBtr0363590,1,1,5,0.2857142857142857,0.7142857142857143,X:15353157:15353234:-|X:15353378:15354236:-|X:15354448:15354545:-|X:15354666:15354764:-|X:15354922:15371521:-|X:15371678:15378198:-,X:15353157:15353234:-|X:15353378:15354236:-|X:15354448:15354545:-|X:15354666:15354764:-|X:15354943:15371521:-|X:15371678:15378198:-,X:15354922:15371521:-,X:15354943:15371521:-,X:15353157:15353234:-|X:15353378:15354236:-|X:15354448:15354545:-|X:15354666:15354764:-|X:15371678:15378198:-,0,0,7,0.0,1.0,,,X:15352356:15353167:-|X:15353224:15353388:-|X:15354226:15354458:-|X:15354535:15354676:-|X:15354754:15354953:-|X:15371511:15371688:-|X:15378188:15379064:-,2,1,7,0.3,0.7,X:15352356:15352409:-|X:15378972:15379064:-,X:15354932:15354953:-,X:15352409:15353167:-|X:15353224:15353388:-|X:15354226:15354458:-|X:15354535:15354676:-|X:15354754:15354932:-|X:15371511:15371688:-|X:15378188:15378972:-,0,0,4,0,0,,,2434,145,21,166,2600,0.06384615384615384,0.9361538461538461,145,21,2434,2600,0.06384615384615384,0.9361538461538461,0,0,0,0,0,0,1,1,1,0,0,13,6,1,0,0,mel2mel_greater,FBtr0363590,1,FBtr0305195,0,0,2,0,1,FBtr0363590,FBtr0305196|FBtr0305193,0,0,0,0,0,0,2,2,2,0,0.0,1.0,1.0,1.0,0.0,0,0,0,0,0,0,partial_reciprocal_pairs,1,0,0,3,0,0,0,0,0,0,3,3,3,0,0.0,1.0,1.0,1.0,0.0,partial_reciprocal_pairs
FBgn0000028,FBtr0305190,FBtr0354362,1,1,4,0.3333333333333333,0.6666666666666667,X:15353157:15353234:-|X:15353372:15354236:-|X:15354448:15354545:-|X:15354666:15354764:-|X:15354922:15378198:-,X:15353157:15353234:-|X:15353372:15354236:-|X:15354448:15354545:-|X:15354666:15354764:-|X:15354943:15378198:-,X:15354922:15378198:-,X:15354943:15378198:-,X:15353157:15353234:-|X:15353372:15354236:-|X:15354448:15354545:-|X:15354666:15354764:-,0,0,6,0.0,1.0,,,X:15352356:15353167:-|X:15353224:15353382:-|X:15354226:15354458:-|X:15354535:15354676:-|X:15354754:15354953:-|X:15378188:15379064:-,2,1,6,0.3333333333333333,0.6666666666666667,X:15352356:15352409:-|X:15379059:15379064:-,X:15354932:15354953:-,X:15352409:15353167:-|X:15353224:15353382:-|X:15354226:15354458:-|X:15354535:15354676:-|X:15354754:15354932:-|X:15378188:15379059:-,0,0,3,0,0,,,2338,58,21,79,2417,0.032685146876292925,0.967314853123707,58,21,2338,2417,0.032685146876292925,0.967314853123707,0,0,0,0,0,0,1,1,1,0,0,13,6,1,0,0,mel2mel_greater,FBtr0354362,1,FBtr0290064,0,0,2,0,0,FBtr0354362,FBtr0305190,0,0,0,0,0,0,2,2,2,0,0.0,1.0,1.0,1.0,0.0,0,0,0,0,0,0,partial_reciprocal_pairs,1,0,0,3,0,0,0,0,0,0,3,3,3,0,0.0,1.0,1.0,1.0,0.0,partial_reciprocal_pairs
FBgn0000028,FBtr0290064,FBtr0359992,1,1,4,0.3333333333333333,0.6666666666666667,X:15353157:15353234:-|X:15353372:15354236:-|X:15354448:15354545:-|X:15354666:15354764:-|X:15354943:15378198:-,X:15353157:15353234:-|X:15353378:15354236:-|X:15354448:15354545:-|X:15354666:15354764:-|X:15354943:15378198:-,X:15353372:15354236:-,X:15353378:15354236:-,X:15353157:15353234:-|X:15354448:15354545:-|X:15354666:15354764:-|X:15354943:15378198:-,0,0,6,0.0,1.0,,,X:15352356:15353167:-|X:15353224:15353388:-|X:15354226:15354458:-|X:15354535:15354676:-|X:15354754:15354953:-|X:15378188:15379064:-,2,1,6,0.3333333333333333,0.6666666666666667,X:15352356:15352409:-|X:15378968:15379064:-,X:15353382:15353388:-,X:15352409:15353167:-|X:15353224:15353382:-|X:15354226:15354458:-|X:15354535:15354676:-|X:15354754:15354953:-|X:15378188:15378968:-,0,0,3,0,0,,,2268,149,6,155,2423,0.06397028477094512,0.9360297152290549,149,6,2268,2423,0.06397028477094512,0.9360297152290549,0,0,0,0,0,0,1,1,1,0,0,13,6,1,0,0,mel2mel_greater,FBtr0354362,0,FBtr0290064,1,0,2,0,0,FBtr0359992,FBtr0290064,0,0,0,0,0,0,2,2,2,0,0.0,1.0,1.0,1.0,0.0,0,0,0,0,0,0,partial_reciprocal_pairs,0,1,0,3,0,0,0,0,0,0,3,3,3,0,0.0,1.0,1.0,1.0,0.0,partial_reciprocal_pairs
FBgn0000028,FBtr0305192,FBtr0359992,1,1,4,0.3333333333333333,0.6666666666666667,X:15353157:15353234:-|X:15353378:15354236:-|X:15354448:15354545:-|X:15354666:15354764:-|X:15354922:15378198:-,X:15353157:15353234:-|X:15353378:15354236:-|X:15354448:15354545:-|X:15354666:15354764:-|X:15354943:15378198:-,X:15354922:15378198:-,X:15354943:15378198:-,X:15353157:15353234:-|X:15353378:15354236:-|X:15354448:15354545:-|X:15354666:15354764:-,0,0,6,0.0,1.0,,,X:15352356:15353167:-|X:15353224:15353388:-|X:15354226:15354458:-|X:15354535:15354676:-|X:15354754:15354953:-|X:15378188:15379064:-,2,1,6,0.3333333333333333,0.6666666666666667,X:15352356:15352409:-|X:15378968:15379064:-,X:15354932:15354953:-,X:15352409:15353167:-|X:15353224:15353388:-|X:15354226:15354458:-|X:15354535:15354676:-|X:15354754:15354932:-|X:15378188:15378968:-,0,0,3,0,0,,,2253,149,21,170,2423,0.070160957490714,0.929839042509286,149,21,2253,2423,0.070160957490714,0.929839042509286,0,0,0,0,0,0,1,1,1,0,0,13,6,1,0,0,mel2mel_greater,FBtr0359992,1,FBtr0290064,0,0,2,0,0,FBtr0359992,FBtr0305192,0,0,0,0,0,0,2,2,2,0,0.0,1.0,1.0,1.0,0.0,0,0,0,0,0,0,partial_reciprocal_pairs,1,0,0,3,0,0,0,0,0,0,3,3,3,0,0.0,1.0,1.0,1.0,0.0,partial_reciprocal_pairs
FBgn0000037,FBtr0072367,FBtr0355473,1,1,2,0.5,0.5,2R:24381846:24383250:-|2R:24383367:24383445:-|2R:24383609:24389607:-,2R:24381846:24383250:-|2R:24383367:24383445:-|2R:24383609:24389603:-,2R:24383609:24389607:-,2R:24383609:24389603:-,2R:24381846:24383250:-|2R:24383367:24383445:-,0,0,4,0.0,1.0,,,2R:24378629:24381856:-|2R:24383240:24383377:-|2R:24383435:24383619:-|2R:24389593:24390294:-,2,1,4,0.42857142857142855,0.5714285714285714,2R:24378629:24379886:-|2R:24389779:24390294:-,2R:24389593:24389597:-,2R:24379886:24381856:-|2R:24383240:24383377:-|2R:24383435:24383619:-|2R:24389597:24389779:-,0,0,2,0,0,,,2473,1772,4,1776,4249,0.4179807013414921,0.5820192986585079,1772,4,2473,4249,0.4179807013414921,0.5820192986585079,0,0,0,0,0,0,1,1,1,0,0,2,1,1,0,0,mel2mel_greater,FBtr0355473,1,FBtr0072367,1,1,1,0,0,FBtr0355473,FBtr0072367,0,0,1,1,0,0,0,1,1,0,0.0,0.0,1.0,1.0,0.0,0,0,1,0,1,1,reciprocal_pairs,1,1,1,1,0,0,1,1,0,0,0,1,1,0,0.0,0.0,1.0,1.0,0.0,reciprocal_pairs
FBgn0000037,FBtr0072368,FBtr0355473,1,1,2,0.5,0.5,2R:24381846:24383199:-|2R:24383367:24383445:-|2R:24383609:24389603:-,2R:24381846:24383250:-|2R:24383367:24383445:-|2R:24383609:24389603:-,2R:24381846:24383199:-,2R:24381846:24383250:-,2R:24383367:24383445:-|2R:24383609:24389603:-,0,0,4,0.0,1.0,,,2R:24378629:24381856:-|2R:24383189:24383377:-|2R:24383435:24383619:-|2R:24389593:24390294:-,3,0,4,0.42857142857142855,0.5714285714285714,2R:24378629:24379886:-|2R:24383189:24383240:-|2R:24389779:24390294:-,,2R:24379886:24381856:-|2R:24383240:24383377:-|2R:24383435:24383619:-|2R:24389593:24389779:-,0,0,1,0,0,,,2477,1823,0,1823,4300,0.423953488372093,0.576046511627907,1823,0,2477,4300,0.423953488372093,0.576046511627907,0,0,0,0,0,0,1,1,1,0,0,2,1,1,0,0,mel2mel_greater,FBtr0355473,1,FBtr0072367,0,0,1,0,0,FBtr0355473,FBtr0072368,0,0,0,0,0,0,0,1,1,0,0.0,0.0,1.0,1.0,0.0,0,0,0,0,0,0,reciprocal_pairs,1,0,0,1,0,0,0,0,0,0,0,1,1,0,0.0,0.0,1.0,1.0,0.0,reciprocal_pairs
FBgn0000064,FBtr0085001,FBtr0364624,1,1,1,0.6666666666666666,0.33333333333333337,3R:26256297:26256942:-|3R:26257122:26261163:-,3R:26256297:26256942:-|3R:26257122:26261167:-,3R:26257122:26261163:-,3R:26257122:26261167:-,3R:26256297:26256942:-,0,0,3,0.0,1.0,,,3R:26255963:26256307:-|3R:26256932:26257132:-|3R:26261153:26261570:-,1,2,3,0.5,0.5,3R:26261153:26261157:-,3R:26255963:26255965:-|3R:26261412:26261570:-,3R:26255965:26256307:-|3R:26256932:26257132:-|3R:26261157:26261412:-,0,0,1,0,0,,,797,4,160,164,961,0.17065556711758584,0.8293444328824142,4,160,797,961,0.17065556711758584,0.8293444328824142,0,0,0,0,0,0,1,1,1,0,0,9,6,1,0,0,mel2mel_greater,FBtr0364624,1,FBtr0306657,0,0,6,0,0,FBtr0364624,FBtr0085001,0,0,0,0,0,0,5,6,6,0,0.0,0.8333333333333334,1.0,1.0,0.0,0,0,0,0,0,0,reciprocal_pairs,1,0,0,6,0,0,0,0,0,0,5,6,6,0,0.0,0.8333333333333334,1.0,1.0,0.0,reciprocal_pairs
FBgn0000064,FBtr0085000,FBtr0349216,1,1,1,0.6666666666666666,0.33333333333333337,3R:26256297:26256483:-|3R:26256613:26257234:-,3R:26256297:26256544:-|3R:26256613:26257234:-,3R:26256297:26256483:-,3R:26256297:26256544:-,3R:26256613:26257234:-,0,0,3,0.0,1.0,,,3R:26255965:26256307:-|3R:26256473:26256623:-|3R:26257224:26258279:-,2,0,3,0.4,0.6,3R:26255965:26256204:-|3R:26256473:26256534:-,,3R:26256204:26256307:-|3R:26256534:26256623:-|3R:26257224:26258279:-,0,0,1,0,0,,,1247,300,0,300,1547,0.19392372333548805,0.806076276664512,300,0,1247,1547,0.19392372333548805,0.806076276664512,0,0,0,0,0,0,0,1,1,0,0,9,6,1,0,0,mel2mel_greater,FBtr0349216,1,FBtr0085000,1,1,6,0,0,FBtr0349216,FBtr0085000,0,0,1,1,0,0,5,6,6,0,0.0,0.8333333333333334,1.0,1.0,0.0,0,0,1,0,0,1,reciprocal_pairs,1,1,1,6,0,0,1,1,0,0,5,6,6,0,0.0,0.8333333333333334,1.0,1.0,0.0,reciprocal_pairs
FBgn0000055,FBtr0100594,FBtr0223878,1,1,1,0.6666666666666666,0.33333333333333337,2L:14615633:14616138:+|2L:14616427:14616987:+,2L:14615633:14616312:+|2L:14616427:14616987:+,2L:14615633:14616138:+,2L:14615633:14616312:+,2L:14616427:14616987:+,0,0,3,0.0,1.0,,,2L:14615551:14615643:+|2L:14616128:14616437:+|2L:14616977:14617405:+,2,1,3,0.5,0.5,2L:14615551:14615556:+|2L:14616128:14616302:+,2L:14617402:14617405:+,2L:14615556:14615643:+|2L:14616302:14616437:+|2L:14616977:14617402:+,0,0,0,0,0,,,647,179,3,182,829,0.2195416164053076,0.7804583835946924,179,3,647,829,0.2195416164053076,0.7804583835946924,0,0,0,0,0,0,1,1,1,0,0,5,2,1,0,0,mel2mel_greater,FBtr0223878,1,FBtr0100589,0,0,2,0,0,FBtr0223878,FBtr0100594,0,0,0,0,0,0,2,2,2,0,0.0,1.0,1.0,1.0,0.0,0,0,0,0,0,0,reciprocal_pairs,1,0,0,2,0,0,0,0,0,0,2,2,2,0,0.0,1.0,1.0,1.0,0.0,reciprocal_pairs
FBgn0000063,FBtr0331348,FBtr0219090,1,1,1,0.6666666666666666,0.33333333333333337,3R:17671557:17671859:+|3R:17672847:17673558:+,3R:17671557:17671859:+|3R:17672847:17673586:+,3R:17672847:17673558:+,3R:17672847:17673586:+,3R:17671557:17671859:+,0,0,3,0.0,1.0,,,3R:17671262:17671567:+|3R:17671849:17672857:+|3R:17673548:17674342:+,1,2,3,0.5,0.5,3R:17673548:17673576:+,3R:17671262:17671270:+|3R:17673828:17674342:+,3R:17671270:17671567:+|3R:17671849:17672857:+|3R:17673576:17673828:+,0,0,1,0,0,,,1557,28,522,550,2107,0.2610346464167062,0.7389653535832938,28,522,1557,2107,0.2610346464167062,0.7389653535832938,0,0,0,0,0,0,1,1,1,0,0,2,1,1,0,0,mel2mel_greater,FBtr0219090,1,FBtr0083478,0,0,1,0,0,FBtr0219090,FBtr0331348,0,0,0,0,0,0,1,1,1,0,0.0,1.0,1.0,1.0,0.0,0,0,0,0,0,0,reciprocal_pairs,1,0,0,1,0,0,0,0,0,0,1,1,1,0,0.0,1.0,1.0,1.0,0.0,reciprocal_pairs
FBgn0000018,FBtr0080168,FBtr0358397,1,1,0,1.0,0.0,2L:10974200:10974277:-,2L:10974200:10974281:-,2L:10974200:10974277:-,2L:10974200:10974281:-,,0,0,2,0.0,1.0,,,2L:10973442:10974210:-|2L:10974267:10975293:-,3,0,2,0.6,0.4,2L:10973442:10974133:-|2L:10974267:10974271:-|2L:10975291:10975293:-,,2L:10974133:10974210:-|2L:10974271:10975291:-,0,0,0,0,0,,,1097,697,0,697,1794,0.38851727982162765,0.6114827201783724,697,0,1097,1794,0.38851727982162765,0.6114827201783724,0,0,0,0,0,0,1,1,1,0,0,1,2,0,1,0,sim2mel_greater,FBtr0222118,0,FBtr0080168,1,0,1,0,0,FBtr0358397,FBtr0080168,0,0,0,0,0,0,1,1,1,0,0.0,1.0,1.0,1.0,0.0,0,0,0,0,0,0,reciprocal_pairs,0,1,0,1,0,0,0,0,0,0,1,1,1,0,0.0,1.0,1.0,1.0,0.0,reciprocal_pairs
FBgn0000008,FBtr0100521,FBtr0358259,1,0,7,0.125,0.875,2R:22137016:22138009:+|2R:22138241:22151663:+|2R:22151685:22162914:+|2R:22163684:22164786:+|2R:22164979:22169253:+|2R:22170707:22170787:+|2R:22171975:22172091:+|2R:22172242:22172506:+,2R:22138241:22151663:+|2R:22151685:22162914:+|2R:22163684:22164786:+|2R:22164979:22169253:+|2R:22170707:22170787:+|2R:22171975:22172091:+|2R:22172242:22172506:+,2R:22137016:22138009:+,,2R:22138241:22151663:+|2R:22151685:22162914:+|2R:22163684:22164786:+|2R:22164979:22169253:+|2R:22170707:22170787:+|2R:22171975:22172091:+|2R:22172242:22172506:+,1,0,8,0.1111111111111111,0.8888888888888888,2R:22136967:22137026:+,,2R:22137999:22138251:+|2R:22151653:22151695:+|2R:22162904:22163694:+|2R:22164776:22164989:+|2R:22169243:22170717:+|2R:22170777:22171985:+|2R:22172081:22172252:+|2R:22172496:22172836:+,1,1,8,0.2,0.8,2R:22136967:22137026:+,2R:22172834:22172836:+,2R:22137999:22138251:+|2R:22151653:22151695:+|2R:22162904:22163694:+|2R:22164776:22164989:+|2R:22169243:22170717:+|2R:22170777:22171985:+|2R:22172081:22172252:+|2R:22172496:22172834:+,1,0,7,0,0,,,4488,59,2,61,4549,0.013409540558364475,0.9865904594416355,0,2,4488,4490,0.00044543429844097997,0.999554565701559,59,0,0,0,1,0,1,1,1,1,0,4,1,1,0,0,mel2mel_greater,FBtr0358259,1,FBtr0071764,0,0,1,0,0,FBtr0358259,FBtr0100521,0,0,0,0,0,0,1,1,1,0,0.0,1.0,1.0,1.0,0.0,0,0,0,0,0,0,reciprocal_pairs,1,0,0,1,0,0,0,0,0,0,1,1,1,0,0.0,1.0,1.0,1.0,0.0,reciprocal_pairs
FBgn0000008,FBtr0071763,FBtr0358259,1,0,7,0.125,0.875,2R:22137198:22138009:+|2R:22138241:22151663:+|2R:22151685:22162914:+|2R:22163684:22164786:+|2R:22164979:22169253:+|2R:22170707:22170787:+|2R:22171975:22172091:+|2R:22172242:22172506:+,2R:22138241:22151663:+|2R:22151685:22162914:+|2R:22163684:22164786:+|2R:22164979:22169253:+|2R:22170707:22170787:+|2R:22171975:22172091:+|2R:22172242:22172506:+,2R:22137198:22138009:+,,2R:22138241:22151663:+|2R:22151685:22162914:+|2R:22163684:22164786:+|2R:22164979:22169253:+|2R:22170707:22170787:+|2R:22171975:22172091:+|2R:22172242:22172506:+,1,0,8,0.1111111111111111,0.8888888888888888,2R:22136967:22137208:+,,2R:22137999:22138251:+|2R:22151653:22151695:+|2R:22162904:22163694:+|2R:22164776:22164989:+|2R:22169243:22170717:+|2R:22170777:22171985:+|2R:22172081:22172252:+|2R:22172496:22172836:+,1,1,8,0.2,0.8,2R:22136967:22137208:+,2R:22172834:22172836:+,2R:22137999:22138251:+|2R:22151653:22151695:+|2R:22162904:22163694:+|2R:22164776:22164989:+|2R:22169243:22170717:+|2R:22170777:22171985:+|2R:22172081:22172252:+|2R:22172496:22172834:+,1,0,7,0,0,,,4488,241,2,243,4731,0.05136334812935954,0.9486366518706405,0,2,4488,4490,0.00044543429844097997,0.999554565701559,241,0,0,0,1,0,1,1,1,1,0,4,1,1,0,0,mel2mel_greater,FBtr0358259,1,FBtr0071764,0,0,1,0,0,FBtr0358259,FBtr0071763,0,0,0,0,0,0,1,1,1,0,0.0,1.0,1.0,1.0,0.0,0,0,0,0,0,0,reciprocal_pairs,1,0,0,1,0,0,0,0,0,0,1,1,1,0,0.0,1.0,1.0,1.0,0.0,reciprocal_pairs
FBgn0000028,FBtr0074015,FBtr0363590,2,1,5,0.375,0.625,X:15353157:15353234:-|X:15353378:15354236:-|X:15354448:15354545:-|X:15354666:15354764:-|X:15354943:15371521:-|X:15371678:15372161:-|X:15372198:15378198:-,X:15353157:15353234:-|X:15353378:15354236:-|X:15354448:15354545:-|X:15354666:15354764:-|X:15354943:15371521:-|X:15371678:15378198:-,X:15371678:15372161:-|X:15372198:15378198:-,X:15371678:15378198:-,X:15353157:15353234:-|X:15353378:15354236:-|X:15354448:15354545:-|X:15354666:15354764:-|X:15354943:15371521:-,1,0,7,0.125,0.875,X:15372151:15372208:-,,X:15352356:15353167:-|X:15353224:15353388:-|X:15354226:15354458:-|X:15354535:15354676:-|X:15354754:15354953:-|X:15371511:15371688:-|X:15378188:15379064:-,3,0,7,0.3,0.7,X:15352356:15352409:-|X:15372151:15372208:-|X:15378972:15379064:-,,X:15352409:15353167:-|X:15353224:15353388:-|X:15354226:15354458:-|X:15354535:15354676:-|X:15354754:15354953:-|X:15371511:15371688:-|X:15378188:15378972:-,1,0,5,0,0,,,2455,202,0,202,2657,0.07602559277380504,0.923974407226195,145,0,2455,2600,0.05576923076923077,0.9442307692307692,57,0,0,0,0,0,1,1,1,1,0,13,6,1,0,0,mel2mel_greater,FBtr0363590,1,FBtr0305195,0,0,2,0,0,FBtr0363590,FBtr0074015,0,0,0,0,0,0,2,2,2,0,0.0,1.0,1.0,1.0,0.0,0,0,0,0,0,0,partial_reciprocal_pairs,1,0,0,3,0,0,0,0,0,0,3,3,3,0,0.0,1.0,1.0,1.0,0.0,partial_reciprocal_pairs
FBgn0000028,FBtr0305189,FBtr0364108,3,2,4,0.5555555555555556,0.4444444444444444,X:15353157:15353234:-|X:15353372:15354236:-|X:15354448:15354545:-|X:15354666:15354764:-|X:15354922:15371521:-|X:15371678:15372161:-|X:15372198:15378198:-,X:15353157:15353234:-|X:15353372:15354236:-|X:15354448:15354545:-|X:15354666:15354764:-|X:15354943:15371521:-|X:15371678:15378198:-,X:15354922:15371521:-|X:15371678:15372161:-|X:15372198:15378198:-,X:15354943:15371521:-|X:15371678:15378198:-,X:15353157:15353234:-|X:15353372:15354236:-|X:15354448:15354545:-|X:15354666:15354764:-,1,0,7,0.125,0.875,X:15372151:15372208:-,,X:15352356:15353167:-|X:15353224:15353382:-|X:15354226:15354458:-|X:15354535:15354676:-|X:15354754:15354953:-|X:15371511:15371688:-|X:15378188:15379064:-,3,1,7,0.36363636363636365,0.6363636363636364,X:15352356:15352409:-|X:15372151:15372208:-|X:15379059:15379064:-,X:15354932:15354953:-,X:15352409:15353167:-|X:15353224:15353382:-|X:15354226:15354458:-|X:15354535:15354676:-|X:15354754:15354932:-|X:15371511:15371688:-|X:15378188:15379059:-,1,0,4,0,0,,,2515,115,21,136,2651,0.05130139569973595,0.9486986043002641,58,21,2515,2594,0.030454895913646876,0.9695451040863531,57,0,0,0,0,0,1,1,1,1,0,13,6,1,0,0,mel2mel_greater,FBtr0364108,1,FBtr0305195,0,0,2,1,0,FBtr0364108|FBtr0362039,FBtr0305189,0,0,0,0,0,0,2,2,2,0,0.0,1.0,1.0,1.0,0.0,0,0,0,0,0,0,partial_reciprocal_pairs,1,0,0,3,0,0,0,0,0,0,3,3,3,0,0.0,1.0,1.0,1.0,0.0,partial_reciprocal_pairs
FBgn0000028,FBtr0305189,FBtr0362039,3,2,4,0.5555555555555556,0.4444444444444444,X:15353157:15353234:-|X:15353372:15354236:-|X:15354448:15354545:-|X:15354666:15354764:-|X:15354922:15371521:-|X:15371678:15372161:-|X:15372198:15378198:-,X:15353157:15353234:-|X:15353372:15354236:-|X:15354448:15354545:-|X:15354666:15354764:-|X:15354943:15371521:-|X:15371678:15378198:-,X:15354922:15371521:-|X:15371678:15372161:-|X:15372198:15378198:-,X:15354943:15371521:-|X:15371678:15378198:-,X:15353157:15353234:-|X:15353372:15354236:-|X:15354448:15354545:-|X:15354666:15354764:-,1,0,7,0.125,0.875,X:15372151:15372208:-,,X:15352356:15353167:-|X:15353224:15353382:-|X:15354226:15354458:-|X:15354535:15354676:-|X:15354754:15354953:-|X:15371511:15371688:-|X:15378188:15379064:-,3,1,7,0.36363636363636365,0.6363636363636364,X:15352356:15352409:-|X:15372151:15372208:-|X:15379059:15379064:-,X:15354932:15354953:-,X:15352409:15353167:-|X:15353224:15353382:-|X:15354226:15354458:-|X:15354535:15354676:-|X:15354754:15354932:-|X:15371511:15371688:-|X:15378188:15379059:-,1,0,4,0,0,,,2515,115,21,136,2651,0.05130139569973595,0.9486986043002641,58,21,2515,2594,0.030454895913646876,0.9695451040863531,57,0,0,0,0,0,1,1,1,1,0,13,6,1,0,0,mel2mel_greater,FBtr0364108,0,FBtr0305195,0,0,2,1,0,FBtr0364108|FBtr0362039,FBtr0305189,0,0,0,0,0,0,2,2,2,0,0.0,1.0,1.0,1.0,0.0,0,0,0,0,0,0,partial_reciprocal_pairs,1,0,0,3,0,0,0,0,0,0,3,3,3,0,0.0,1.0,1.0,1.0,0.0,partial_reciprocal_pairs
FBgn0000028,FBtr0305191,FBtr0359992,1,0,5,0.16666666666666666,0.8333333333333334,X:15351948:15352343:-|X:15353157:15353234:-|X:15353378:15354236:-|X:15354448:15354545:-|X:15354666:15354764:-|X:15354943:15378198:-,X:15353157:15353234:-|X:15353378:15354236:-|X:15354448:15354545:-|X:15354666:15354764:-|X:15354943:15378198:-,X:15351948:15352343:-,,X:15353157:15353234:-|X:15353378:15354236:-|X:15354448:15354545:-|X:15354666:15354764:-|X:15354943:15378198:-,1,0,6,0.14285714285714285,0.8571428571428572,X:15350238:15351958:-,,X:15352333:15353167:-|X:15353224:15353388:-|X:15354226:15354458:-|X:15354535:15354676:-|X:15354754:15354953:-|X:15378188:15379064:-,3,0,6,0.3333333333333333,0.6666666666666667,X:15350238:15351958:-|X:15352333:15352409:-|X:15378968:15379064:-,,X:15352409:15353167:-|X:15353224:15353388:-|X:15354226:15354458:-|X:15354535:15354676:-|X:15354754:15354953:-|X:15378188:15378968:-,1,0,4,0,0,,,2274,1892,0,1892,4166,0.4541526644263082,0.5458473355736918,172,0,2274,2446,0.07031888798037612,0.9296811120196239,1720,0,0,0,1,0,1,1,1,1,0,13,6,1,0,0,mel2mel_greater,FBtr0359992,1,FBtr0290064,0,0,2,0,0,FBtr0359992,FBtr0305191,0,0,0,0,0,0,2,2,2,0,0.0,1.0,1.0,1.0,0.0,0,0,0,0,0,0,partial_reciprocal_pairs,1,0,0,3,0,0,0,0,0,0,3,3,3,0,0.0,1.0,1.0,1.0,0.0,partial_reciprocal_pairs
FBgn0000014,FBtr0083387,FBtr0352852,2,1,3,0.5,0.5,3R:16810051:16810141:-|3R:16810345:16822431:-|3R:16822459:16826060:-|3R:16826297:16827144:-|3R:16827627:16828930:-,3R:16810051:16810141:-|3R:16810345:16822431:-|3R:16822459:16826060:-|3R:16826297:16828930:-,3R:16826297:16827144:-|3R:16827627:16828930:-,3R:16826297:16828930:-,3R:16810051:16810141:-|3R:16810345:16822431:-|3R:16822459:16826060:-,1,0,5,0.16666666666666666,0.8333333333333334,3R:16827134:16827637:-,,3R:16807626:16810061:-|3R:16810131:16810355:-|3R:16822421:16822469:-|3R:16826050:16826307:-|3R:16828920:16830882:-,2,1,5,0.375,0.625,3R:16807626:16808436:-|3R:16827134:16827637:-,3R:16829752:16830882:-,3R:16808436:16810061:-|3R:16810131:16810355:-|3R:16822421:16822469:-|3R:16826050:16826307:-|3R:16828920:16829752:-,1,0,3,0,0,,,2986,1313,1130,2443,5429,0.44999079020077365,0.5500092097992264,810,1130,2986,4926,0.3938286642306131,0.606171335769387,503,0,0,0,0,0,1,1,1,1,0,3,3,0,0,1,match,FBtr0352852,1,FBtr0300485,0,0,2,0,0,FBtr0352852,FBtr0083387,0,0,0,0,0,0,2,2,2,0,0.0,1.0,1.0,1.0,0.0,0,0,0,0,0,0,partial_reciprocal_pairs,1,0,0,2,0,0,0,0,0,0,2,2,2,0,0.0,1.0,1.0,1.0,0.0,partial_reciprocal_pairs
FBgn0000055,FBtr0100187,FBtr0348491,0,1,3,0.25,0.75,2L:14616427:14616512:+|2L:14616897:14616987:+|2L:14617633:14618535:+,2L:14615633:14616312:+|2L:14616427:14616512:+|2L:14616897:14616987:+|2L:14617633:14618535:+,,2L:14615633:14616312:+,2L:14616427:14616512:+|2L:14616897:14616987:+|2L:14617633:14618535:+,0,1,4,0.2,0.8,,2L:14615556:14615643:+,2L:14616266:14616437:+|2L:14616502:14616907:+|2L:14616977:14617643:+|2L:14618525:14618902:+,2,1,4,0.42857142857142855,0.5714285714285714,2L:14616266:14616302:+|2L:14618886:14618902:+,2L:14615556:14615643:+,2L:14616302:14616437:+|2L:14616502:14616907:+|2L:14616977:14617643:+|2L:14618525:14618886:+,0,1,2,0,0,,,1567,52,87,139,1706,0.08147713950762016,0.9185228604923799,52,0,1567,1619,0.03211859172328598,0.967881408276714,0,87,0,1,0,0,1,1,1,1,0,5,2,1,0,0,mel2mel_greater,FBtr0348491,1,FBtr0006151,0,0,2,0,0,FBtr0348491,FBtr0100187,0,0,0,0,0,0,2,2,2,0,0.0,1.0,1.0,1.0,0.0,0,0,0,0,0,0,reciprocal_pairs,1,0,0,2,0,0,0,0,0,0,2,2,2,0,0.0,1.0,1.0,1.0,0.0,reciprocal_pairs
FBgn0000028,FBtr0100328,FBtr0364108,3,1,5,0.4444444444444444,0.5555555555555556,X:15351948:15352343:-|X:15353157:15353234:-|X:15353372:15354236:-|X:15354448:15354545:-|X:15354666:15354764:-|X:15354943:15371521:-|X:15371678:15372161:-|X:15372198:15378198:-,X:15353157:15353234:-|X:15353372:15354236:-|X:15354448:15354545:-|X:15354666:15354764:-|X:15354943:15371521:-|X:15371678:15378198:-,X:15351948:15352343:-|X:15371678:15372161:-|X:15372198:15378198:-,X:15371678:15378198:-,X:15353157:15353234:-|X:15353372:15354236:-|X:15354448:15354545:-|X:15354666:15354764:-|X:15354943:15371521:-,2,0,7,0.2222222222222222,0.7777777777777778,X:15351147:15351958:-|X:15372151:15372208:-,,X:15352333:15353167:-|X:15353224:15353382:-|X:15354226:15354458:-|X:15354535:15354676:-|X:15354754:15354953:-|X:15371511:15371688:-|X:15378188:15379064:-,4,0,7,0.36363636363636365,0.6363636363636364,X:15351147:15351958:-|X:15352333:15352409:-|X:15372151:15372208:-|X:15379059:15379064:-,,X:15352409:15353167:-|X:15353224:15353382:-|X:15354226:15354458:-|X:15354535:15354676:-|X:15354754:15354953:-|X:15371511:15371688:-|X:15378188:15379059:-,2,0,5,0,0,,,2536,949,0,949,3485,0.27230989956958396,0.727690100430416,81,0,2536,2617,0.030951471150171952,0.9690485288498281,868,0,0,0,0,0,1,1,1,1,0,13,6,1,0,0,mel2mel_greater,FBtr0364108,1,FBtr0305195,0,0,2,1,0,FBtr0364108|FBtr0362039,FBtr0100328,0,0,0,0,0,0,2,2,2,0,0.0,1.0,1.0,1.0,0.0,0,0,0,0,0,0,partial_reciprocal_pairs,1,0,0,3,0,0,0,0,0,0,3,3,3,0,0.0,1.0,1.0,1.0,0.0,partial_reciprocal_pairs
FBgn0000028,FBtr0100328,FBtr0362039,3,1,5,0.4444444444444444,0.5555555555555556,X:15351948:15352343:-|X:15353157:15353234:-|X:15353372:15354236:-|X:15354448:15354545:-|X:15354666:15354764:-|X:15354943:15371521:-|X:15371678:15372161:-|X:15372198:15378198:-,X:15353157:15353234:-|X:15353372:15354236:-|X:15354448:15354545:-|X:15354666:15354764:-|X:15354943:15371521:-|X:15371678:15378198:-,X:15351948:15352343:-|X:15371678:15372161:-|X:15372198:15378198:-,X:15371678:15378198:-,X:15353157:15353234:-|X:15353372:15354236:-|X:15354448:15354545:-|X:15354666:15354764:-|X:15354943:15371521:-,2,0,7,0.2222222222222222,0.7777777777777778,X:15351147:15351958:-|X:15372151:15372208:-,,X:15352333:15353167:-|X:15353224:15353382:-|X:15354226:15354458:-|X:15354535:15354676:-|X:15354754:15354953:-|X:15371511:15371688:-|X:15378188:15379064:-,4,0,7,0.36363636363636365,0.6363636363636364,X:15351147:15351958:-|X:15352333:15352409:-|X:15372151:15372208:-|X:15379059:15379064:-,,X:15352409:15353167:-|X:15353224:15353382:-|X:15354226:15354458:-|X:15354535:15354676:-|X:15354754:15354953:-|X:15371511:15371688:-|X:15378188:15379059:-,2,0,5,0,0,,,2536,949,0,949,3485,0.27230989956958396,0.727690100430416,81,0,2536,2617,0.030951471150171952,0.9690485288498281,868,0,0,0,0,0,1,1,1,1,0,13,6,1,0,0,mel2mel_greater,FBtr0364108,0,FBtr0305195,0,0,2,1,0,FBtr0364108|FBtr0362039,FBtr0100328,0,0,0,0,0,0,2,2,2,0,0.0,1.0,1.0,1.0,0.0,0,0,0,0,0,0,partial_reciprocal_pairs,1,0,0,3,0,0,0,0,0,0,3,3,3,0,0.0,1.0,1.0,1.0,0.0,partial_reciprocal_pairs
FBgn0000008,FBtr0342981,FBtr0358259,3,3,4,0.6,0.4,2R:22137016:22138009:+|2R:22138241:22162914:+|2R:22163684:22164786:+|2R:22164979:22169253:+|2R:22170707:22170787:+|2R:22171249:22172091:+|2R:22172242:22172506:+,2R:22138241:22151663:+|2R:22151685:22162914:+|2R:22163684:22164786:+|2R:22164979:22169253:+|2R:22170707:22170787:+|2R:22171975:22172091:+|2R:22172242:22172506:+,2R:22137016:22138009:+|2R:22138241:22162914:+|2R:22171249:22172091:+,2R:22138241:22151663:+|2R:22151685:22162914:+|2R:22171975:22172091:+,2R:22163684:22164786:+|2R:22164979:22169253:+|2R:22170707:22170787:+|2R:22172242:22172506:+,1,1,7,0.2222222222222222,0.7777777777777778,2R:22136967:22137026:+,2R:22151653:22151695:+,2R:22137999:22138251:+|2R:22162904:22163694:+|2R:22164776:22164989:+|2R:22169243:22170717:+|2R:22170777:22171985:+|2R:22172081:22172252:+|2R:22172496:22172836:+,1,3,7,0.36363636363636365,0.6363636363636364,2R:22136967:22137026:+,2R:22151653:22151695:+|2R:22171259:22171985:+|2R:22172834:22172836:+,2R:22137999:22138251:+|2R:22162904:22163694:+|2R:22164776:22164989:+|2R:22169243:22170717:+|2R:22170777:22171259:+|2R:22172081:22172252:+|2R:22172496:22172834:+,1,1,5,0,0,,,3720,59,770,829,4549,0.18223785447351065,0.8177621455264894,0,728,3720,4448,0.16366906474820145,0.8363309352517986,59,42,0,0,0,0,1,1,1,1,0,4,1,1,0,0,mel2mel_greater,FBtr0358259,1,FBtr0071764,0,0,1,0,0,FBtr0358259,FBtr0342981,0,0,0,0,0,0,1,1,1,0,0.0,1.0,1.0,1.0,0.0,0,0,0,0,0,0,reciprocal_pairs,1,0,0,1,0,0,0,0,0,0,1,1,1,0,0.0,1.0,1.0,1.0,0.0,reciprocal_pairs
FBgn0000036,FBtr0084619,FBtr0358979,2,1,6,0.3333333333333333,0.6666666666666667,3R:24401935:24403224:-|3R:24403500:24404691:-|3R:24404883:24404978:-|3R:24405419:24407327:-|3R:24407488:24412517:-|3R:24412607:24414856:-|3R:24414881:24421704:-|3R:24421894:24456444:-,3R:24401935:24403224:-|3R:24403500:24404691:-|3R:24404883:24404978:-|3R:24405419:24407327:-|3R:24407488:24412517:-|3R:24412607:24414856:-|3R:24414881:24451904:-,3R:24414881:24421704:-|3R:24421894:24456444:-,3R:24414881:24451904:-,3R:24401935:24403224:-|3R:24403500:24404691:-|3R:24404883:24404978:-|3R:24405419:24407327:-|3R:24407488:24412517:-|3R:24412607:24414856:-,2,1,7,0.3,0.7,3R:24421694:24421904:-|3R:24456434:24457157:-,3R:24451894:24452024:-,3R:24393895:24401945:-|3R:24403214:24403510:-|3R:24404681:24404893:-|3R:24404968:24405429:-|3R:24407317:24407498:-|3R:24412507:24412617:-|3R:24414846:24414891:-,3,1,7,0.36363636363636365,0.6363636363636364,3R:24393895:24399654:-|3R:24421694:24421904:-|3R:24456434:24457157:-,3R:24451894:24452024:-,3R:24399654:24401945:-|3R:24403214:24403510:-|3R:24404681:24404893:-|3R:24404968:24405429:-|3R:24407317:24407498:-|3R:24412507:24412617:-|3R:24414846:24414891:-,2,1,6,0,0,,,3596,6692,130,6822,10418,0.654828181992705,0.345171818007295,5759,0,3596,9355,0.6156066274719402,0.38439337252805983,933,130,0,0,0,0,1,1,1,1,0,1,1,0,0,1,match,FBtr0358979,1,FBtr0084619,1,1,1,0,0,FBtr0358979,FBtr0084619,0,0,0,0,0,0,0,0,0,0,0.0,0.0,0.0,0.0,0.0,0,1,1,0,1,1,reciprocal_pairs,1,1,1,1,0,0,0,0,0,0,0,0,0,0,0.0,0.0,0.0,0.0,0.0,reciprocal_pairs
FBgn0000055,FBtr0100590,FBtr0223878,0,1,1,0.5,0.5,2L:14616427:14616987:+,2L:14615633:14616312:+|2L:14616427:14616987:+,,2L:14615633:14616312:+,2L:14616427:14616987:+,0,1,2,0.3333333333333333,0.6666666666666667,,2L:14615556:14615643:+,2L:14616266:14616437:+|2L:14616977:14617405:+,1,2,2,0.6,0.4,2L:14616266:14616302:+,2L:14615556:14615643:+|2L:14617402:14617405:+,2L:14616302:14616437:+|2L:14616977:14617402:+,0,1,0,0,0,,,560,36,90,126,686,0.1836734693877551,0.8163265306122449,36,3,560,599,0.0651085141903172,0.9348914858096828,0,87,0,1,0,0,1,1,1,1,0,5,2,1,0,0,mel2mel_greater,FBtr0223878,1,FBtr0100589,0,0,2,0,0,FBtr0223878,FBtr0100590,0,0,0,0,0,0,2,2,2,0,0.0,1.0,1.0,1.0,0.0,0,0,0,0,0,0,reciprocal_pairs,1,0,0,2,0,0,0,0,0,0,2,2,2,0,0.0,1.0,1.0,1.0,0.0,reciprocal_pairs
FBgn0000053,FBtr0100353,FBtr0222428,0,3,2,0.6,0.4,2L:7018364:7018440:-|2L:7019070:7023538:-,2L:7016364:7016446:-|2L:7017476:7017554:-|2L:7017956:7018158:-|2L:7018364:7018440:-|2L:7019070:7023538:-,,2L:7016364:7016446:-|2L:7017476:7017554:-|2L:7017956:7018158:-,2L:7018364:7018440:-|2L:7019070:7023538:-,0,3,3,0.5,0.5,,2L:7014965:7016374:-|2L:7016436:7017486:-|2L:7017544:7017966:-,2L:7018086:7018374:-|2L:7018430:7019080:-|2L:7023528:7023898:-,2,3,3,0.625,0.375,2L:7018086:7018148:-|2L:7023894:7023898:-,2L:7014965:7016374:-|2L:7016436:7017486:-|2L:7017544:7017966:-,2L:7018148:7018374:-|2L:7018430:7019080:-|2L:7023528:7023894:-,0,3,1,0,0,,,1242,66,2881,2947,4189,0.7035091907376462,0.2964908092623538,66,0,1242,1308,0.05045871559633028,0.9495412844036697,0,2881,0,1,0,0,1,1,1,1,0,2,1,1,0,0,mel2mel_greater,FBtr0222428,1,FBtr0079431,0,0,1,0,0,FBtr0222428,FBtr0100353,0,0,0,0,0,0,1,1,1,0,0.0,1.0,1.0,1.0,0.0,0,0,0,0,0,0,reciprocal_pairs,1,0,0,1,0,0,0,0,0,0,1,1,1,0,0.0,1.0,1.0,1.0,0.0,reciprocal_pairs
FBgn0000015,FBtr0083382,FBtr0360356,3,1,2,0.6666666666666666,0.33333333333333337,3R:16929570:16929647:-|3R:16929842:16931125:-|3R:16931307:16931411:-|3R:16931603:16935936:-|3R:16936094:16959981:-,3R:16929570:16929647:-|3R:16929842:16931125:-|3R:16931307:16932380:-,3R:16931307:16931411:-|3R:16931603:16935936:-|3R:16936094:16959981:-,3R:16931307:16932380:-,3R:16929570:16929647:-|3R:16929842:16931125:-,3,1,3,0.5714285714285714,0.4285714285714286,3R:16931401:16931613:-|3R:16935926:16936104:-|3R:16959971:16960281:-,3R:16932370:16933322:-,3R:16927664:16929580:-|3R:16929637:16929852:-|3R:16931115:16931317:-,3,2,3,0.625,0.375,3R:16931401:16931613:-|3R:16935926:16936104:-|3R:16959971:16960281:-,3R:16927664:16927666:-|3R:16932370:16933322:-,3R:16927666:16929580:-|3R:16929637:16929852:-|3R:16931115:16931317:-,3,1,2,0,0,,,2331,700,954,1654,3985,0.4150564617314931,0.5849435382685069,0,2,2331,2333,0.0008572653236176596,0.9991427346763824,700,952,0,0,0,0,1,1,1,1,0,5,1,1,0,0,mel2mel_greater,FBtr0360356,1,FBtr0083384,0,0,1,0,0,FBtr0360356,FBtr0083382,0,0,0,0,0,0,1,1,1,0,0.0,1.0,1.0,1.0,0.0,0,0,0,0,0,0,reciprocal_pairs,1,0,0,1,0,0,0,0,0,0,1,1,1,0,0.0,1.0,1.0,1.0,0.0,reciprocal_pairs
FBgn0000015,FBtr0083385,FBtr0360356,3,1,2,0.6666666666666666,0.33333333333333337,3R:16929570:16929647:-|3R:16929842:16931125:-|3R:16931307:16931411:-|3R:16931603:16935936:-|3R:16936094:16971768:-,3R:16929570:16929647:-|3R:16929842:16931125:-|3R:16931307:16932380:-,3R:16931307:16931411:-|3R:16931603:16935936:-|3R:16936094:16971768:-,3R:16931307:16932380:-,3R:16929570:16929647:-|3R:16929842:16931125:-,3,1,3,0.5714285714285714,0.4285714285714286,3R:16931401:16931613:-|3R:16935926:16936104:-|3R:16971758:16972236:-,3R:16932370:16933322:-,3R:16927211:16929580:-|3R:16929637:16929852:-|3R:16931115:16931317:-,4,1,3,0.625,0.375,3R:16927211:16927664:-|3R:16931401:16931613:-|3R:16935926:16936104:-|3R:16971758:16972236:-,3R:16932370:16933322:-,3R:16927664:16929580:-|3R:16929637:16929852:-|3R:16931115:16931317:-,3,1,2,0,0,,,2333,1321,952,2273,4606,0.49348675640468953,0.5065132435953105,453,0,2333,2786,0.16259870782483848,0.8374012921751615,868,952,0,0,0,0,1,1,1,1,0,5,1,1,0,0,mel2mel_greater,FBtr0360356,1,FBtr0083384,0,0,1,0,0,FBtr0360356,FBtr0083385,0,0,0,0,0,0,1,1,1,0,0.0,1.0,1.0,1.0,0.0,0,0,0,0,0,0,reciprocal_pairs,1,0,0,1,0,0,0,0,0,0,1,1,1,0,0.0,1.0,1.0,1.0,0.0,reciprocal_pairs
FBgn0000015,FBtr0083383,FBtr0360356,3,1,2,0.6666666666666666,0.33333333333333337,3R:16929570:16929647:-|3R:16929842:16931125:-|3R:16931307:16931411:-|3R:16931603:16935936:-|3R:16936094:16943791:-,3R:16929570:16929647:-|3R:16929842:16931125:-|3R:16931307:16932380:-,3R:16931307:16931411:-|3R:16931603:16935936:-|3R:16936094:16943791:-,3R:16931307:16932380:-,3R:16929570:16929647:-|3R:16929842:16931125:-,3,1,3,0.5714285714285714,0.4285714285714286,3R:16931401:16931613:-|3R:16935926:16936104:-|3R:16943781:16944273:-,3R:16932370:16933322:-,3R:16927211:16929580:-|3R:16929637:16929852:-|3R:16931115:16931317:-,4,1,3,0.625,0.375,3R:16927211:16927664:-|3R:16931401:16931613:-|3R:16935926:16936104:-|3R:16943781:16944273:-,3R:16932370:16933322:-,3R:16927664:16929580:-|3R:16929637:16929852:-|3R:16931115:16931317:-,3,1,2,0,0,,,2333,1335,952,2287,4620,0.49502164502164503,0.504978354978355,453,0,2333,2786,0.16259870782483848,0.8374012921751615,882,952,0,0,0,0,1,1,1,1,0,5,1,1,0,0,mel2mel_greater,FBtr0360356,1,FBtr0083384,0,0,1,0,0,FBtr0360356,FBtr0083383,0,0,0,0,0,0,1,1,1,0,0.0,1.0,1.0,1.0,0.0,0,0,0,0,0,0,reciprocal_pairs,1,0,0,1,0,0,0,0,0,0,1,1,1,0,0.0,1.0,1.0,1.0,0.0,reciprocal_pairs
FBgn0000015,FBtr0083381,FBtr0360356,3,1,2,0.6666666666666666,0.33333333333333337,3R:16929570:16929647:-|3R:16929842:16931125:-|3R:16931307:16931411:-|3R:16931603:16935936:-|3R:16936094:16963168:-,3R:16929570:16929647:-|3R:16929842:16931125:-|3R:16931307:16932380:-,3R:16931307:16931411:-|3R:16931603:16935936:-|3R:16936094:16963168:-,3R:16931307:16932380:-,3R:16929570:16929647:-|3R:16929842:16931125:-,3,1,3,0.5714285714285714,0.4285714285714286,3R:16931401:16931613:-|3R:16935926:16936104:-|3R:16963158:16968574:-,3R:16932370:16933322:-,3R:16927664:16929580:-|3R:16929637:16929852:-|3R:16931115:16931317:-,3,2,3,0.625,0.375,3R:16931401:16931613:-|3R:16935926:16936104:-|3R:16963158:16968574:-,3R:16927664:16927666:-|3R:16932370:16933322:-,3R:16927666:16929580:-|3R:16929637:16929852:-|3R:16931115:16931317:-,3,1,2,0,0,,,2331,5806,954,6760,9091,0.7435925640743593,0.25640743592564075,0,2,2331,2333,0.0008572653236176596,0.9991427346763824,5806,952,0,0,0,0,1,1,1,1,0,5,1,1,0,0,mel2mel_greater,FBtr0360356,1,FBtr0083384,0,0,1,0,0,FBtr0360356,FBtr0083381,0,0,0,0,0,0,1,1,1,0,0.0,1.0,1.0,1.0,0.0,0,0,0,0,0,0,reciprocal_pairs,1,0,0,1,0,0,0,0,0,0,1,1,1,0,0.0,1.0,1.0,1.0,0.0,reciprocal_pairs
FBgn0000064,FBtr0114544,FBtr0354132,2,1,1,0.75,0.25,3R:26256297:26256483:-|3R:26256613:26256942:-|3R:26257122:26258996:-,3R:26255421:26256942:-|3R:26257122:26258996:-,3R:26256297:26256483:-|3R:26256613:26256942:-,3R:26255421:26256942:-,3R:26257122:26258996:-,2,1,2,0.6,0.4,3R:26255965:26256307:-|3R:26256473:26256623:-,3R:26254532:26255431:-,3R:26256932:26257132:-|3R:26258986:26259213:-,3,1,2,0.6666666666666666,0.33333333333333337,3R:26255965:26256307:-|3R:26256473:26256623:-|3R:26259208:26259213:-,3R:26254532:26255431:-,3R:26256932:26257132:-|3R:26258986:26259208:-,2,1,1,0,0,,,422,497,899,1396,1818,0.7678767876787679,0.23212321232123212,5,0,422,427,0.0117096018735363,0.9882903981264637,492,899,0,0,0,0,1,1,1,1,0,9,6,1,0,0,mel2mel_greater,FBtr0354132,1,FBtr0310660,0,0,6,0,0,FBtr0354132,FBtr0114544,0,0,0,0,0,0,5,6,6,0,0.0,0.8333333333333334,1.0,1.0,0.0,0,0,0,0,0,0,reciprocal_pairs,1,0,0,6,0,0,0,0,0,0,5,6,6,0,0.0,0.8333333333333334,1.0,1.0,0.0,reciprocal_pairs
FBgn0000038,FBtr0073300,FBtr0349242,0,4,1,0.8,0.19999999999999996,3L:4429492:4429575:+,3L:4429492:4429575:+|3L:4429705:4432395:+|3L:4432512:4433314:+|3L:4433449:4433624:+|3L:4434049:4435184:+,,3L:4429705:4432395:+|3L:4432512:4433314:+|3L:4433449:4433624:+|3L:4434049:4435184:+,3L:4429492:4429575:+,0,4,2,0.6666666666666666,0.33333333333333337,,3L:4432385:4432522:+|3L:4433304:4433459:+|3L:4433614:4434059:+|3L:4435174:4435996:+,3L:4429348:4429502:+|3L:4429565:4430229:+,2,4,2,0.75,0.25,3L:4429348:4429349:+|3L:4429715:4430229:+,3L:4432385:4432522:+|3L:4433304:4433459:+|3L:4433614:4434059:+|3L:4435174:4435996:+,3L:4429349:4429502:+|3L:4429565:4429715:+,0,4,0,0,0,,,303,515,1559,2074,2377,0.8725283971392511,0.12747160286074888,515,0,303,818,0.6295843520782396,0.3704156479217604,0,1559,0,1,0,0,1,1,1,1,0,2,1,1,0,0,mel2mel_greater,FBtr0349242,1,FBtr0073299,0,0,1,0,0,FBtr0349242,FBtr0073300,0,0,0,0,0,0,1,1,1,0,0.0,1.0,1.0,1.0,0.0,0,0,0,0,0,0,reciprocal_pairs,1,0,0,1,0,0,0,0,0,0,1,1,1,0,0.0,1.0,1.0,1.0,0.0,reciprocal_pairs
FBgn0000064,FBtr0084999,FBtr0349216,1,2,0,1.0,0.0,3R:26255421:26257234:-,3R:26256297:26256544:-|3R:26256613:26257234:-,3R:26255421:26257234:-,3R:26256297:26256544:-|3R:26256613:26257234:-,,1,2,1,0.75,0.25,3R:26255203:26255431:-,3R:26256204:26256307:-|3R:26256534:26256623:-,3R:26257224:26258279:-,1,2,1,0.75,0.25,3R:26255203:26255431:-,3R:26256204:26256307:-|3R:26256534:26256623:-,3R:26257224:26258279:-,1,2,1,0,0,,,1055,228,192,420,1475,0.2847457627118644,0.7152542372881356,0,0,1055,1055,0.0,1.0,228,192,0,0,0,0,0,1,0,1,0,9,6,1,0,0,mel2mel_greater,FBtr0349216,1,FBtr0085000,0,0,6,0,0,FBtr0349216,FBtr0084999,0,0,0,0,0,0,5,6,6,0,0.0,0.8333333333333334,1.0,1.0,0.0,0,0,0,0,0,0,reciprocal_pairs,1,0,0,6,0,0,0,0,0,0,5,6,6,0,0.0,0.8333333333333334,1.0,1.0,0.0,reciprocal_pairs
FBgn0000052,FBtr0079221,FBtr0222515,1,2,0,1.0,0.0,2L:6042001:6044437:-,2L:6042001:6042084:-|2L:6044341:6045903:-,2L:6042001:6044437:-,2L:6042001:6042084:-|2L:6044341:6045903:-,,1,2,1,0.75,0.25,2L:6044427:6045596:-,2L:6042074:6044351:-|2L:6045893:6045973:-,2L:6041180:6042011:-,2,2,1,0.8,0.19999999999999996,2L:6041180:6041183:-|2L:6044427:6045596:-,2L:6042074:6044351:-|2L:6045893:6045973:-,2L:6041183:6042011:-,1,2,0,0,0,,,828,1172,2357,3529,4357,0.8099609823272894,0.1900390176727106,3,0,828,831,0.0036101083032490976,0.9963898916967509,1169,2357,0,0,0,0,1,1,1,1,0,3,2,1,0,0,mel2mel_greater,FBtr0222515,1,FBtr0079219,0,0,2,0,0,FBtr0222515,FBtr0079221,0,0,0,0,0,0,2,2,2,0,0.0,1.0,1.0,1.0,0.0,0,0,0,0,0,0,reciprocal_pairs,1,0,0,2,0,0,0,0,0,0,2,2,2,0,0.0,1.0,1.0,1.0,0.0,reciprocal_pairs
