gene_id,transcript_1,transcript_2,num_jxn_only_T1,num_jxn_only_T2,num_jxn_ovlp,prop_jxn_noOvlp,prop_jxn_ovlp,jxn_only_T1,jxn_only_T2,jxn_same,num_ER_only_T1,num_ER_only_T2,num_ER_ovlp,prop_ER_noOvlp,prop_ER_ovlp,ER_only_T1,ER_only_T2,ER_ovlp,num_EF_only_T1,num_EF_only_T2,num_EF_ovlp,prop_EF_noOvlp,prop_EF_ovlp,EF_only_T1,EF_only_T2,EF_ovlp,num_exon_only_T1,num_exon_only_T2,num_exon_ovlp,num_IR_EF_T1,num_IR_EF_T2,IR_EF_T1,IR_EF_T2,num_nt_ovlp,num_nt_only_T1,num_nt_only_T2,num_nt_noOvlp,total_nt,prop_nt_noOvlp,prop_nt_ovlp,num_nt_only_T1_in_ovlpER,num_nt_only_T2_in_ovlpER,num_nt_ovlp_in_ovlpER,total_nt_in_ovlpER,prop_nt_noOvlp_in_ovlpER,prop_nt_ovlp_in_ovlpER,num_nt_only_T1_in_uniqER,num_nt_only_T2_in_uniqER,flag_FSM,flag_IR,flag_5_var,flag_3_var,flag_alt_DA,flag_alt_exon,flag_no_ovlp_nt
FBgn0038404,FBtr0083253,FBtr0113241,2,1,4,0.428571428571429,0.571428571428571,3R:16172509:16174317:+|3R:16174489:16177552:+,3R:16172509:16177552:+,3R:16177932:16178406:+|3R:16178654:16179351:+|3R:16179882:16179962:+|3R:16180088:16180173:+,1,0,6,0.142857142857143,0.857142857142857,3R:16174307:16174499:+,,3R:16171990:16172519:+|3R:16177542:16177942:+|3R:16178396:16178664:+|3R:16179341:16179892:+|3R:16179952:16180098:+|3R:16180163:16180475:+,1,0,6,0.142857142857143,0.857142857142857,3R:16174307:16174499:+,,3R:16171990:16172519:+|3R:16177542:16177942:+|3R:16178396:16178664:+|3R:16179341:16179892:+|3R:16179952:16180098:+|3R:16180163:16180475:+,1,0,6,0,0,,,2206,192,0,192,2398,0.080066722268557,0.919933277731443,0,0,2206,2206,0.0,1.0,192,0,0,0,0,0,0,1,0
FBgn0038405,FBtr0100110,FBtr0344472,0,1,1,0.5,0.5,,3R:16185816:16185898:+,3R:16181185:16184967:+,0,0,2,0.0,1.0,,,3R:16181019:16181195:+|3R:16184957:16186235:+,1,0,3,0.25,0.75,3R:16185826:16185888:+,,3R:16181019:16181195:+|3R:16184957:16185826:+|3R:16185888:16186235:+,0,0,1,1,0,3R:16185826:16185888:+,,1392,62,0,62,1454,0.042640990371389,0.957359009628611,62,0,1392,1454,0.042640990371389,0.957359009628611,0,0,0,1,0,0,0,0,0
FBgn0038419,FBtr0083325,FBtr0083326,0,1,1,0.5,0.5,,3R:16347270:16347383:-,3R:16347518:16348790:-,0,0,2,0.0,1.0,,,3R:16346132:16347528:-|3R:16348780:16349226:-,1,0,3,0.25,0.75,3R:16347280:16347373:-,,3R:16346132:16347280:-|3R:16347373:16347528:-|3R:16348780:16349226:-,0,0,1,1,0,3R:16347280:16347373:-,,1749,93,0,93,1842,0.050488599348534,0.949511400651466,93,0,1749,1842,0.050488599348534,0.949511400651466,0,0,0,1,0,0,0,0,0
FBgn0038419,FBtr0083325,FBtr0334733,0,1,1,0.5,0.5,,3R:16345936:16347065:-,3R:16347518:16348790:-,0,1,2,0.333333333333333,0.666666666666667,,3R:16345824:16345946:-,3R:16346132:16347528:-|3R:16348780:16349226:-,1,1,2,0.5,0.5,3R:16346132:16347055:-,3R:16345824:16345946:-,3R:16347055:16347528:-|3R:16348780:16349226:-,0,1,1,0,0,,,919,923,122,1045,1964,0.532077393075356,0.467922606924644,923,0,919,1842,0.501085776330076,0.498914223669924,0,122,0,0,0,1,1,1,0
FBgn0038419,FBtr0083325,FBtr0345255,0,1,1,0.5,0.5,,3R:16345988:16347065:-,3R:16347518:16348790:-,0,1,2,0.333333333333333,0.666666666666667,,3R:16345824:16345998:-,3R:16346132:16347528:-|3R:16348780:16349226:-,1,1,2,0.5,0.5,3R:16346132:16347055:-,3R:16345824:16345998:-,3R:16347055:16347528:-|3R:16348780:16349226:-,0,1,1,0,0,,,919,923,174,1097,2016,0.544146825396825,0.455853174603175,923,0,919,1842,0.501085776330076,0.498914223669924,0,174,0,0,0,1,1,1,0
FBgn0038419,FBtr0083326,FBtr0334733,1,1,1,0.666666666666667,0.333333333333333,3R:16347270:16347383:-,3R:16345936:16347065:-,3R:16347518:16348790:-,0,1,2,0.333333333333333,0.666666666666667,,3R:16345824:16345946:-,3R:16346132:16347528:-|3R:16348780:16349226:-,1,2,3,0.5,0.5,3R:16346132:16347055:-,3R:16345824:16345946:-|3R:16347280:16347373:-,3R:16347055:16347280:-|3R:16347373:16347528:-|3R:16348780:16349226:-,0,1,1,0,1,,3R:16347280:16347373:-,826,923,215,1138,1964,0.579429735234216,0.420570264765784,923,93,826,1842,0.55157437567861,0.44842562432139,0,122,0,1,0,1,0,0,0
FBgn0038419,FBtr0083326,FBtr0345255,1,1,1,0.666666666666667,0.333333333333333,3R:16347270:16347383:-,3R:16345988:16347065:-,3R:16347518:16348790:-,0,1,2,0.333333333333333,0.666666666666667,,3R:16345824:16345998:-,3R:16346132:16347528:-|3R:16348780:16349226:-,1,2,3,0.5,0.5,3R:16346132:16347055:-,3R:16345824:16345998:-|3R:16347280:16347373:-,3R:16347055:16347280:-|3R:16347373:16347528:-|3R:16348780:16349226:-,0,1,1,0,1,,3R:16347280:16347373:-,826,923,267,1190,2016,0.590277777777778,0.409722222222222,923,93,826,1842,0.55157437567861,0.44842562432139,0,174,0,1,0,1,0,0,0
FBgn0038419,FBtr0334733,FBtr0345255,1,1,1,0.666666666666667,0.333333333333333,3R:16345936:16347065:-,3R:16345988:16347065:-,3R:16347518:16348790:-,0,0,3,0.0,1.0,,,3R:16345824:16345998:-|3R:16347055:16347528:-|3R:16348780:16349226:-,0,1,3,0.25,0.75,,3R:16345946:16345998:-,3R:16345824:16345946:-|3R:16347055:16347528:-|3R:16348780:16349226:-,0,0,2,0,0,,,1041,0,52,52,1093,0.047575480329369,0.952424519670631,0,52,1041,1093,0.047575480329369,0.952424519670631,0,0,0,0,0,0,1,0,0
FBgn0038420,FBtr0083324,FBtr0345202,0,0,3,0.0,1.0,,,3R:16351220:16351887:-|3R:16352021:16352098:-|3R:16352349:16356809:-,0,0,4,0.0,1.0,,,3R:16350785:16351230:-|3R:16351877:16352031:-|3R:16352088:16352359:-|3R:16356799:16357015:-,0,1,4,0.2,0.8,,3R:16350785:16350905:-,3R:16350905:16351230:-|3R:16351877:16352031:-|3R:16352088:16352359:-|3R:16356799:16357015:-,0,0,3,0,0,,,966,0,120,120,1086,0.110497237569061,0.889502762430939,0,120,966,1086,0.110497237569061,0.889502762430939,0,0,1,0,0,1,0,0,0
FBgn0038421,FBtr0083323,FBtr0332177,0,1,2,0.333333333333333,0.666666666666667,,3R:16358023:16358254:-,3R:16358601:16358692:-|3R:16358778:16359144:-,0,1,3,0.25,0.75,,3R:16357609:16358033:-,3R:16358139:16358611:-|3R:16358682:16358788:-|3R:16359134:16359318:-,1,1,3,0.4,0.6,3R:16358139:16358244:-,3R:16357609:16358033:-,3R:16358244:16358611:-|3R:16358682:16358788:-|3R:16359134:16359318:-,0,1,2,0,0,,,657,105,424,529,1186,0.446037099494098,0.553962900505902,105,0,657,762,0.137795275590551,0.862204724409449,0,424,0,0,0,1,1,1,0
FBgn0038421,FBtr0083323,FBtr0345208,0,0,2,0.0,1.0,,,3R:16358601:16358692:-|3R:16358778:16359144:-,0,0,3,0.0,1.0,,,3R:16357534:16358611:-|3R:16358682:16358788:-|3R:16359134:16359318:-,0,1,3,0.25,0.75,,3R:16357534:16358139:-,3R:16358139:16358611:-|3R:16358682:16358788:-|3R:16359134:16359318:-,0,0,2,0,0,,,762,0,605,605,1367,0.442574981711778,0.557425018288222,0,605,762,1367,0.442574981711778,0.557425018288222,0,0,1,0,0,1,0,0,0
FBgn0038421,FBtr0083323,FBtr0392900,0,0,2,0.0,1.0,,,3R:16358601:16358692:-|3R:16358778:16359144:-,0,0,3,0.0,1.0,,,3R:16358139:16358611:-|3R:16358682:16358788:-|3R:16359134:16359466:-,0,1,3,0.25,0.75,,3R:16359318:16359466:-,3R:16358139:16358611:-|3R:16358682:16358788:-|3R:16359134:16359318:-,0,0,2,0,0,,,762,0,148,148,910,0.162637362637363,0.837362637362637,0,148,762,910,0.162637362637363,0.837362637362637,0,0,1,0,1,0,0,0,0
FBgn0038421,FBtr0332177,FBtr0345208,1,0,2,0.333333333333333,0.666666666666667,3R:16358023:16358254:-,,3R:16358601:16358692:-|3R:16358778:16359144:-,0,0,3,0.0,1.0,,,3R:16357534:16358611:-|3R:16358682:16358788:-|3R:16359134:16359318:-,0,2,4,0.333333333333333,0.666666666666667,,3R:16357534:16357609:-|3R:16358033:16358244:-,3R:16357609:16358033:-|3R:16358244:16358611:-|3R:16358682:16358788:-|3R:16359134:16359318:-,0,0,2,0,1,,3R:16358033:16358244:-,1081,0,286,286,1367,0.209217264081931,0.790782735918069,0,286,1081,1367,0.209217264081931,0.790782735918069,0,0,0,1,0,1,0,0,0
FBgn0038421,FBtr0332177,FBtr0392900,1,0,2,0.333333333333333,0.666666666666667,3R:16358023:16358254:-,,3R:16358601:16358692:-|3R:16358778:16359144:-,1,0,3,0.25,0.75,3R:16357609:16358033:-,,3R:16358139:16358611:-|3R:16358682:16358788:-|3R:16359134:16359466:-,1,2,3,0.5,0.5,3R:16357609:16358033:-,3R:16358139:16358244:-|3R:16359318:16359466:-,3R:16358244:16358611:-|3R:16358682:16358788:-|3R:16359134:16359318:-,1,0,1,0,0,,,657,424,253,677,1334,0.507496251874063,0.492503748125937,0,253,657,910,0.278021978021978,0.721978021978022,424,0,0,0,1,1,1,1,0
FBgn0038421,FBtr0345208,FBtr0392900,0,0,2,0.0,1.0,,,3R:16358601:16358692:-|3R:16358778:16359144:-,0,0,3,0.0,1.0,,,3R:16357534:16358611:-|3R:16358682:16358788:-|3R:16359134:16359466:-,1,1,3,0.4,0.6,3R:16357534:16358139:-,3R:16359318:16359466:-,3R:16358139:16358611:-|3R:16358682:16358788:-|3R:16359134:16359318:-,0,0,1,0,0,,,762,605,148,753,1515,0.497029702970297,0.502970297029703,605,148,762,1515,0.497029702970297,0.502970297029703,0,0,1,0,1,1,0,0,0
FBgn0038422,FBtr0083320,FBtr0083321,1,1,3,0.4,0.6,3R:16365656:16367869:-,3R:16365664:16367869:-,3R:16361925:16362011:-|3R:16362113:16362190:-|3R:16362435:16365526:-,0,0,5,0.0,1.0,,,3R:16360328:16361935:-|3R:16362001:16362123:-|3R:16362180:16362445:-|3R:16365516:16365674:-|3R:16367859:16368306:-,0,1,5,0.166666666666667,0.833333333333333,,3R:16365666:16365674:-,3R:16360328:16361935:-|3R:16362001:16362123:-|3R:16362180:16362445:-|3R:16365516:16365666:-|3R:16367859:16368306:-,0,0,4,0,0,,,2591,0,8,8,2599,0.003078106964217,0.996921893035783,0,8,2591,2599,0.003078106964217,0.996921893035783,0,0,0,0,0,0,1,0,0
FBgn0038423,FBtr0300677,FBtr0300678,0,0,2,0.0,1.0,,,3R:16369666:16369826:-|3R:16369934:16370012:-,0,0,3,0.0,1.0,,,3R:16368854:16369676:-|3R:16369816:16369944:-|3R:16370002:16370533:-,0,1,3,0.25,0.75,,3R:16368854:16369370:-,3R:16369370:16369676:-|3R:16369816:16369944:-|3R:16370002:16370533:-,0,0,2,0,0,,,965,0,516,516,1481,0.348413234301148,0.651586765698852,0,516,965,1481,0.348413234301148,0.651586765698852,0,0,1,0,0,1,0,0,0
FBgn0038425,FBtr0083287,FBtr0083288,1,0,2,0.333333333333333,0.666666666666667,3R:16435557:16435665:+,,3R:16435063:16435143:+|3R:16435291:16435365:+,0,0,3,0.0,1.0,,,3R:16434898:16435073:+|3R:16435133:16435301:+|3R:16435355:16436066:+,0,1,4,0.2,0.8,,3R:16435567:16435655:+,3R:16434898:16435073:+|3R:16435133:16435301:+|3R:16435355:16435567:+|3R:16435655:16436066:+,0,0,2,0,1,,3R:16435567:16435655:+,966,0,88,88,1054,0.083491461100569,0.916508538899431,0,88,966,1054,0.083491461100569,0.916508538899431,0,0,0,1,0,0,0,0,0
FBgn0038427,FBtr0083315,FBtr0100643,2,1,8,0.272727272727273,0.727272727272727,3R:16437328:16437802:-|3R:16437989:16438074:-,3R:16437328:16438074:-,3R:16438640:16438721:-|3R:16439163:16439250:-|3R:16439347:16439622:-|3R:16440393:16440474:-|3R:16440541:16440617:-|3R:16440740:16440817:-|3R:16440946:16441029:-|3R:16441149:16441222:-,1,0,10,0.090909090909091,0.909090909090909,3R:16437792:16437999:-,,3R:16436879:16437338:-|3R:16438064:16438650:-|3R:16438711:16439173:-|3R:16439240:16439357:-|3R:16439612:16440403:-|3R:16440464:16440551:-|3R:16440607:16440750:-|3R:16440807:16440956:-|3R:16441019:16441159:-|3R:16441212:16441661:-,1,0,10,0.090909090909091,0.909090909090909,3R:16437792:16437999:-,,3R:16436879:16437338:-|3R:16438064:16438650:-|3R:16438711:16439173:-|3R:16439240:16439357:-|3R:16439612:16440403:-|3R:16440464:16440551:-|3R:16440607:16440750:-|3R:16440807:16440956:-|3R:16441019:16441159:-|3R:16441212:16441661:-,1,0,10,0,0,,,3383,207,0,207,3590,0.057660167130919,0.942339832869081,0,0,3383,3383,0.0,1.0,207,0,0,0,0,0,0,1,0
FBgn0038427,FBtr0083315,FBtr0337017,2,1,8,0.272727272727273,0.727272727272727,3R:16439163:16439250:-|3R:16439347:16439622:-,3R:16439163:16439622:-,3R:16437328:16437802:-|3R:16437989:16438074:-|3R:16438640:16438721:-|3R:16440393:16440474:-|3R:16440541:16440617:-|3R:16440740:16440817:-|3R:16440946:16441029:-|3R:16441149:16441222:-,1,0,10,0.090909090909091,0.909090909090909,3R:16439240:16439357:-,,3R:16436879:16437338:-|3R:16437792:16437999:-|3R:16438064:16438650:-|3R:16438711:16439173:-|3R:16439612:16440403:-|3R:16440464:16440551:-|3R:16440607:16440750:-|3R:16440807:16440956:-|3R:16441019:16441159:-|3R:16441212:16441661:-,1,0,10,0.090909090909091,0.909090909090909,3R:16439240:16439357:-,,3R:16436879:16437338:-|3R:16437792:16437999:-|3R:16438064:16438650:-|3R:16438711:16439173:-|3R:16439612:16440403:-|3R:16440464:16440551:-|3R:16440607:16440750:-|3R:16440807:16440956:-|3R:16441019:16441159:-|3R:16441212:16441661:-,1,0,10,0,0,,,3473,117,0,117,3590,0.032590529247911,0.967409470752089,0,0,3473,3473,0.0,1.0,117,0,0,0,0,0,0,1,0
FBgn0038427,FBtr0100643,FBtr0337017,3,3,6,0.5,0.5,3R:16437328:16438074:-|3R:16439163:16439250:-|3R:16439347:16439622:-,3R:16437328:16437802:-|3R:16437989:16438074:-|3R:16439163:16439622:-,3R:16438640:16438721:-|3R:16440393:16440474:-|3R:16440541:16440617:-|3R:16440740:16440817:-|3R:16440946:16441029:-|3R:16441149:16441222:-,1,1,9,0.181818181818182,0.818181818181818,3R:16439240:16439357:-,3R:16437792:16437999:-,3R:16436879:16437338:-|3R:16438064:16438650:-|3R:16438711:16439173:-|3R:16439612:16440403:-|3R:16440464:16440551:-|3R:16440607:16440750:-|3R:16440807:16440956:-|3R:16441019:16441159:-|3R:16441212:16441661:-,1,1,9,0.181818181818182,0.818181818181818,3R:16439240:16439357:-,3R:16437792:16437999:-,3R:16436879:16437338:-|3R:16438064:16438650:-|3R:16438711:16439173:-|3R:16439612:16440403:-|3R:16440464:16440551:-|3R:16440607:16440750:-|3R:16440807:16440956:-|3R:16441019:16441159:-|3R:16441212:16441661:-,1,1,9,0,0,,,3266,117,207,324,3590,0.09025069637883,0.90974930362117,0,0,3266,3266,0.0,1.0,117,207,0,0,0,0,0,1,0
FBgn0038428,FBtr0083314,FBtr0337016,0,0,1,0.0,1.0,,,3R:16442338:16442412:-,0,0,2,0.0,1.0,,,3R:16441842:16442348:-|3R:16442402:16443007:-,0,1,2,0.333333333333333,0.666666666666667,,3R:16441842:16442005:-,3R:16442005:16442348:-|3R:16442402:16443007:-,0,0,1,0,0,,,948,0,163,163,1111,0.146714671467147,0.853285328532853,0,163,948,1111,0.146714671467147,0.853285328532853,0,0,1,0,0,1,0,0,0
FBgn0038429,FBtr0083289,FBtr0337015,0,0,1,0.0,1.0,,,3R:16443367:16443437:+,0,0,2,0.0,1.0,,,3R:16443206:16443377:+|3R:16443427:16445010:+,0,2,2,0.5,0.5,,3R:16443206:16443243:+|3R:16444804:16445010:+,3R:16443243:16443377:+|3R:16443427:16444804:+,0,0,0,0,0,,,1511,0,243,243,1754,0.138540478905359,0.861459521094641,0,243,1511,1754,0.138540478905359,0.861459521094641,0,0,1,0,1,1,0,0,0
FBgn0038435,FBtr0110962,FBtr0110963,1,1,0,1.0,0.0,3R:16472745:16473368:+,3R:16473021:16473368:+,,1,1,1,0.666666666666667,0.333333333333333,3R:16472600:16472755:+,3R:16472811:16473031:+,3R:16473358:16475477:+,1,1,1,0.666666666666667,0.333333333333333,3R:16472600:16472755:+,3R:16472811:16473031:+,3R:16473358:16475477:+,1,1,1,0,0,,,2119,155,220,375,2494,0.150360866078589,0.849639133921411,0,0,2119,2119,0.0,1.0,155,220,0,0,1,0,0,1,0
FBgn0038448,FBtr0331687,FBtr0331688,1,1,4,0.333333333333333,0.666666666666667,3R:16613253:16613318:-,3R:16613240:16613318:-,3R:16611574:16611658:-|3R:16612044:16612134:-|3R:16612259:16612336:-|3R:16612853:16612935:-,0,0,6,0.0,1.0,,,3R:16611418:16611584:-|3R:16611648:16612054:-|3R:16612124:16612269:-|3R:16612326:16612863:-|3R:16612925:16613263:-|3R:16613308:16613400:-,1,0,6,0.142857142857143,0.857142857142857,3R:16613250:16613263:-,,3R:16611418:16611584:-|3R:16611648:16612054:-|3R:16612124:16612269:-|3R:16612326:16612863:-|3R:16612925:16613250:-|3R:16613308:16613400:-,0,0,5,0,0,,,1671,13,0,13,1684,0.007719714964371,0.992280285035629,13,0,1671,1684,0.007719714964371,0.992280285035629,0,0,0,0,0,0,1,0,0
FBgn0038453,FBtr0083336,FBtr0333728,0,0,2,0.0,1.0,,,3R:16643898:16644027:+|3R:16644373:16644557:+,0,0,3,0.0,1.0,,,3R:16643604:16643908:+|3R:16644017:16644383:+|3R:16644547:16645171:+,1,0,3,0.25,0.75,3R:16643604:16643720:+,,3R:16643720:16643908:+|3R:16644017:16644383:+|3R:16644547:16645171:+,0,0,2,0,0,,,1178,116,0,116,1294,0.089644513137558,0.910355486862442,116,0,1178,1294,0.089644513137558,0.910355486862442,0,0,1,0,1,0,0,0,0
FBgn0038460,FBtr0083377,FBtr0337065,1,1,1,0.666666666666667,0.333333333333333,3R:16984607:16987538:-,3R:16984607:16986136:-,3R:16984085:16984580:-,1,1,2,0.5,0.5,3R:16987528:16987732:-,3R:16986126:16986245:-,3R:16983509:16984095:-|3R:16984570:16984617:-,1,1,2,0.5,0.5,3R:16987528:16987732:-,3R:16986126:16986245:-,3R:16983509:16984095:-|3R:16984570:16984617:-,1,1,2,0,0,,,633,204,119,323,956,0.337866108786611,0.662133891213389,0,0,633,633,0.0,1.0,204,119,0,0,1,0,0,1,0
FBgn0038460,FBtr0083377,FBtr0346338,1,1,1,0.666666666666667,0.333333333333333,3R:16984607:16987538:-,3R:16984607:16986544:-,3R:16984085:16984580:-,1,1,2,0.5,0.5,3R:16987528:16987732:-,3R:16986534:16986850:-,3R:16983509:16984095:-|3R:16984570:16984617:-,1,1,2,0.5,0.5,3R:16987528:16987732:-,3R:16986534:16986850:-,3R:16983509:16984095:-|3R:16984570:16984617:-,1,1,2,0,0,,,633,204,316,520,1153,0.450997398091934,0.549002601908066,0,0,633,633,0.0,1.0,204,316,0,0,1,0,0,1,0
FBgn0038460,FBtr0337065,FBtr0346338,1,1,1,0.666666666666667,0.333333333333333,3R:16984607:16986136:-,3R:16984607:16986544:-,3R:16984085:16984580:-,1,1,2,0.5,0.5,3R:16986126:16986245:-,3R:16986534:16986850:-,3R:16983509:16984095:-|3R:16984570:16984617:-,1,1,2,0.5,0.5,3R:16986126:16986245:-,3R:16986534:16986850:-,3R:16983509:16984095:-|3R:16984570:16984617:-,1,1,2,0,0,,,633,119,316,435,1068,0.407303370786517,0.592696629213483,0,0,633,633,0.0,1.0,119,316,0,0,1,0,0,1,0
FBgn0038461,FBtr0083376,FBtr0337064,0,0,3,0.0,1.0,,,3R:16990828:16990910:-|3R:16991047:16991193:-|3R:16991582:16991743:-,0,0,4,0.0,1.0,,,3R:16990333:16990838:-|3R:16990900:16991057:-|3R:16991183:16991592:-|3R:16991733:16991878:-,0,1,4,0.2,0.8,,3R:16990333:16990461:-,3R:16990461:16990838:-|3R:16990900:16991057:-|3R:16991183:16991592:-|3R:16991733:16991878:-,0,0,3,0,0,,,1088,0,128,128,1216,0.105263157894737,0.894736842105263,0,128,1088,1216,0.105263157894737,0.894736842105263,0,0,1,0,0,1,0,0,0
FBgn0038462,FBtr0083375,FBtr0337063,0,0,3,0.0,1.0,,,3R:16995049:16995131:-|3R:16995268:16995414:-|3R:16995803:16995935:-,0,0,4,0.0,1.0,,,3R:16994541:16995059:-|3R:16995121:16995278:-|3R:16995404:16995813:-|3R:16995925:16996071:-,1,0,4,0.2,0.8,3R:16994541:16994682:-,,3R:16994682:16995059:-|3R:16995121:16995278:-|3R:16995404:16995813:-|3R:16995925:16996071:-,0,0,3,0,0,,,1089,141,0,141,1230,0.114634146341463,0.885365853658537,141,0,1089,1230,0.114634146341463,0.885365853658537,0,0,1,0,0,1,0,0,0
FBgn0038465,FBtr0083371,FBtr0337060,0,0,10,0.0,1.0,,,3R:17003141:17004213:+|3R:17004290:17004477:+|3R:17004791:17004875:+|3R:17005042:17005179:+|3R:17005341:17005433:+|3R:17005979:17006114:+|3R:17006266:17006343:+|3R:17006491:17006585:+|3R:17006683:17006759:+|3R:17006902:17007092:+,0,0,11,0.0,1.0,,,3R:17002874:17003151:+|3R:17004203:17004300:+|3R:17004467:17004801:+|3R:17004865:17005052:+|3R:17005169:17005351:+|3R:17005423:17005989:+|3R:17006104:17006276:+|3R:17006333:17006501:+|3R:17006575:17006693:+|3R:17006749:17006912:+|3R:17007082:17007208:+,0,1,11,0.083333333333333,0.916666666666667,,3R:17007159:17007208:+,3R:17002874:17003151:+|3R:17004203:17004300:+|3R:17004467:17004801:+|3R:17004865:17005052:+|3R:17005169:17005351:+|3R:17005423:17005989:+|3R:17006104:17006276:+|3R:17006333:17006501:+|3R:17006575:17006693:+|3R:17006749:17006912:+|3R:17007082:17007159:+,0,0,10,0,0,,,2341,0,49,49,2390,0.020502092050209,0.979497907949791,0,49,2341,2390,0.020502092050209,0.979497907949791,0,0,1,0,0,1,0,0,0
FBgn0038466,FBtr0083372,FBtr0305271,1,1,5,0.285714285714286,0.714285714285714,3R:17008365:17009419:+,3R:17008918:17009419:+,3R:17009793:17009870:+|3R:17009895:17009976:+|3R:17010847:17011469:+|3R:17011822:17011917:+|3R:17012238:17012326:+,1,1,6,0.25,0.75,3R:17008268:17008375:+,3R:17008829:17008928:+,3R:17009409:17009803:+|3R:17009860:17009905:+|3R:17009966:17010857:+|3R:17011459:17011832:+|3R:17011907:17012248:+|3R:17012316:17012533:+,1,1,6,0.25,0.75,3R:17008268:17008375:+,3R:17008829:17008928:+,3R:17009409:17009803:+|3R:17009860:17009905:+|3R:17009966:17010857:+|3R:17011459:17011832:+|3R:17011907:17012248:+|3R:17012316:17012533:+,1,1,6,0,0,,,2261,107,99,206,2467,0.083502229428456,0.916497770571544,0,0,2261,2261,0.0,1.0,107,99,0,0,1,0,0,1,0
FBgn0038469,FBtr0305130,FBtr0337062,0,0,4,0.0,1.0,,,3R:17033896:17033974:-|3R:17034060:17034143:-|3R:17034319:17034397:-|3R:17034717:17034802:-,0,0,5,0.0,1.0,,,3R:17033587:17033906:-|3R:17033964:17034070:-|3R:17034133:17034329:-|3R:17034387:17034727:-|3R:17034792:17036045:-,0,1,5,0.166666666666667,0.833333333333333,,3R:17033587:17033715:-,3R:17033715:17033906:-|3R:17033964:17034070:-|3R:17034133:17034329:-|3R:17034387:17034727:-|3R:17034792:17036045:-,0,0,4,0,0,,,2086,0,128,128,2214,0.057813911472448,0.942186088527552,0,128,2086,2214,0.057813911472448,0.942186088527552,0,0,1,0,0,1,0,0,0
FBgn0038470,FBtr0305129,FBtr0339156,1,1,11,0.153846153846154,0.846153846153846,3R:17039276:17039356:-,3R:17039273:17039356:-,3R:17036866:17036947:-|3R:17037069:17037152:-|3R:17037264:17037353:-|3R:17037430:17037512:-|3R:17037664:17037740:-|3R:17038545:17038632:-|3R:17038960:17039038:-|3R:17039184:17039269:-|3R:17039496:17039583:-|3R:17039674:17039747:-|3R:17039863:17040015:-,0,0,13,0.0,1.0,,,3R:17036393:17036876:-|3R:17036937:17037079:-|3R:17037142:17037274:-|3R:17037343:17037440:-|3R:17037502:17037674:-|3R:17037730:17038555:-|3R:17038622:17038970:-|3R:17039028:17039194:-|3R:17039259:17039286:-|3R:17039346:17039506:-|3R:17039573:17039684:-|3R:17039737:17039873:-|3R:17040005:17040203:-,1,0,13,0.071428571428572,0.928571428571429,3R:17039283:17039286:-,,3R:17036393:17036876:-|3R:17036937:17037079:-|3R:17037142:17037274:-|3R:17037343:17037440:-|3R:17037502:17037674:-|3R:17037730:17038555:-|3R:17038622:17038970:-|3R:17039028:17039194:-|3R:17039259:17039283:-|3R:17039346:17039506:-|3R:17039573:17039684:-|3R:17039737:17039873:-|3R:17040005:17040203:-,0,0,12,0,0,,,2994,3,0,3,2997,0.001001001001001,0.998998998998999,3,0,2994,2997,0.001001001001001,0.998998998998999,0,0,0,0,0,0,1,0,0
FBgn0038470,FBtr0305129,FBtr0339157,1,1,11,0.153846153846154,0.846153846153846,3R:17039674:17039747:-,3R:17039665:17039747:-,3R:17036866:17036947:-|3R:17037069:17037152:-|3R:17037264:17037353:-|3R:17037430:17037512:-|3R:17037664:17037740:-|3R:17038545:17038632:-|3R:17038960:17039038:-|3R:17039184:17039269:-|3R:17039276:17039356:-|3R:17039496:17039583:-|3R:17039863:17040015:-,0,0,13,0.0,1.0,,,3R:17036393:17036876:-|3R:17036937:17037079:-|3R:17037142:17037274:-|3R:17037343:17037440:-|3R:17037502:17037674:-|3R:17037730:17038555:-|3R:17038622:17038970:-|3R:17039028:17039194:-|3R:17039259:17039286:-|3R:17039346:17039506:-|3R:17039573:17039684:-|3R:17039737:17039873:-|3R:17040005:17040203:-,1,0,13,0.071428571428572,0.928571428571429,3R:17039675:17039684:-,,3R:17036393:17036876:-|3R:17036937:17037079:-|3R:17037142:17037274:-|3R:17037343:17037440:-|3R:17037502:17037674:-|3R:17037730:17038555:-|3R:17038622:17038970:-|3R:17039028:17039194:-|3R:17039259:17039286:-|3R:17039346:17039506:-|3R:17039573:17039675:-|3R:17039737:17039873:-|3R:17040005:17040203:-,0,0,12,0,0,,,2988,9,0,9,2997,0.003003003003003,0.996996996996997,9,0,2988,2997,0.003003003003003,0.996996996996997,0,0,0,0,0,0,1,0,0
FBgn0038470,FBtr0339156,FBtr0339157,2,2,10,0.285714285714286,0.714285714285714,3R:17039273:17039356:-|3R:17039674:17039747:-,3R:17039276:17039356:-|3R:17039665:17039747:-,3R:17036866:17036947:-|3R:17037069:17037152:-|3R:17037264:17037353:-|3R:17037430:17037512:-|3R:17037664:17037740:-|3R:17038545:17038632:-|3R:17038960:17039038:-|3R:17039184:17039269:-|3R:17039496:17039583:-|3R:17039863:17040015:-,0,0,13,0.0,1.0,,,3R:17036393:17036876:-|3R:17036937:17037079:-|3R:17037142:17037274:-|3R:17037343:17037440:-|3R:17037502:17037674:-|3R:17037730:17038555:-|3R:17038622:17038970:-|3R:17039028:17039194:-|3R:17039259:17039286:-|3R:17039346:17039506:-|3R:17039573:17039684:-|3R:17039737:17039873:-|3R:17040005:17040203:-,1,1,13,0.133333333333333,0.866666666666667,3R:17039675:17039684:-,3R:17039283:17039286:-,3R:17036393:17036876:-|3R:17036937:17037079:-|3R:17037142:17037274:-|3R:17037343:17037440:-|3R:17037502:17037674:-|3R:17037730:17038555:-|3R:17038622:17038970:-|3R:17039028:17039194:-|3R:17039259:17039283:-|3R:17039346:17039506:-|3R:17039573:17039675:-|3R:17039737:17039873:-|3R:17040005:17040203:-,0,0,11,0,0,,,2985,9,3,12,2997,0.004004004004004,0.995995995995996,9,3,2985,2997,0.004004004004004,0.995995995995996,0,0,0,0,0,0,1,0,0
FBgn0038475,FBtr0083422,FBtr0083423,1,1,4,0.333333333333333,0.666666666666667,3R:17076883:17079432:-,3R:17076883:17077827:-,3R:17075106:17075190:-|3R:17075376:17075512:-|3R:17076175:17076254:-|3R:17076492:17076586:-,1,1,5,0.285714285714286,0.714285714285714,3R:17079422:17079945:-,3R:17077817:17078102:-,3R:17073941:17075116:-|3R:17075180:17075386:-|3R:17075502:17076185:-|3R:17076244:17076502:-|3R:17076576:17076893:-,1,1,5,0.285714285714286,0.714285714285714,3R:17079422:17079945:-,3R:17077817:17078102:-,3R:17073941:17075116:-|3R:17075180:17075386:-|3R:17075502:17076185:-|3R:17076244:17076502:-|3R:17076576:17076893:-,1,1,5,0,0,,,2639,523,285,808,3447,0.234406730490281,0.765593269509719,0,0,2639,2639,0.0,1.0,523,285,0,0,1,0,0,1,0
FBgn0038475,FBtr0083422,FBtr0083424,1,1,4,0.333333333333333,0.666666666666667,3R:17076883:17079432:-,3R:17076883:17079882:-,3R:17075106:17075190:-|3R:17075376:17075512:-|3R:17076175:17076254:-|3R:17076492:17076586:-,0,0,6,0.0,1.0,,,3R:17073941:17075116:-|3R:17075180:17075386:-|3R:17075502:17076185:-|3R:17076244:17076502:-|3R:17076576:17076893:-|3R:17079422:17079945:-,1,0,6,0.142857142857143,0.857142857142857,3R:17079422:17079872:-,,3R:17073941:17075116:-|3R:17075180:17075386:-|3R:17075502:17076185:-|3R:17076244:17076502:-|3R:17076576:17076893:-|3R:17079872:17079945:-,0,0,5,0,0,,,2712,450,0,450,3162,0.142314990512334,0.857685009487666,450,0,2712,3162,0.142314990512334,0.857685009487666,0,0,0,0,0,0,1,0,0
FBgn0038475,FBtr0083423,FBtr0083424,1,1,4,0.333333333333333,0.666666666666667,3R:17076883:17077827:-,3R:17076883:17079882:-,3R:17075106:17075190:-|3R:17075376:17075512:-|3R:17076175:17076254:-|3R:17076492:17076586:-,1,1,5,0.285714285714286,0.714285714285714,3R:17077817:17078102:-,3R:17079872:17079945:-,3R:17073941:17075116:-|3R:17075180:17075386:-|3R:17075502:17076185:-|3R:17076244:17076502:-|3R:17076576:17076893:-,1,1,5,0.285714285714286,0.714285714285714,3R:17077817:17078102:-,3R:17079872:17079945:-,3R:17073941:17075116:-|3R:17075180:17075386:-|3R:17075502:17076185:-|3R:17076244:17076502:-|3R:17076576:17076893:-,1,1,5,0,0,,,2639,285,73,358,2997,0.119452786119453,0.880547213880547,0,0,2639,2639,0.0,1.0,285,73,0,0,1,0,0,1,0
FBgn0038476,FBtr0083397,FBtr0083398,1,1,0,1.0,0.0,3R:17080346:17082673:+,3R:17082497:17082673:+,,1,1,1,0.666666666666667,0.333333333333333,3R:17080243:17080356:+,3R:17082387:17082507:+,3R:17082663:17084781:+,1,1,1,0.666666666666667,0.333333333333333,3R:17080243:17080356:+,3R:17082387:17082507:+,3R:17082663:17084781:+,1,1,1,0,0,,,2118,113,120,233,2351,0.099106763079541,0.900893236920459,0,0,2118,2118,0.0,1.0,113,120,0,0,1,0,0,1,0
FBgn0038476,FBtr0083397,FBtr0305987,1,1,0,1.0,0.0,3R:17080346:17082673:+,3R:17082017:17082673:+,,1,1,1,0.666666666666667,0.333333333333333,3R:17080243:17080356:+,3R:17081945:17082027:+,3R:17082663:17084781:+,1,1,1,0.666666666666667,0.333333333333333,3R:17080243:17080356:+,3R:17081945:17082027:+,3R:17082663:17084781:+,1,1,1,0,0,,,2118,113,82,195,2313,0.084306095979248,0.915693904020752,0,0,2118,2118,0.0,1.0,113,82,0,0,1,0,0,1,0
FBgn0038476,FBtr0083398,FBtr0305987,1,1,0,1.0,0.0,3R:17082497:17082673:+,3R:17082017:17082673:+,,1,1,1,0.666666666666667,0.333333333333333,3R:17082387:17082507:+,3R:17081945:17082027:+,3R:17082663:17084781:+,1,1,1,0.666666666666667,0.333333333333333,3R:17082387:17082507:+,3R:17081945:17082027:+,3R:17082663:17084781:+,1,1,1,0,0,,,2118,120,82,202,2320,0.087068965517241,0.912931034482759,0,0,2118,2118,0.0,1.0,120,82,0,0,1,0,0,1,0
FBgn0038481,FBtr0083417,FBtr0346149,0,0,0,0.0,1.0,,,,0,0,1,0.0,1.0,,,3R:17129338:17130426:-,0,1,1,0.5,0.5,,3R:17129338:17129414:-,3R:17129414:17130426:-,0,0,0,0,0,,,1012,0,76,76,1088,0.069852941176471,0.930147058823529,0,76,1012,1088,0.069852941176471,0.930147058823529,0,0,1,0,0,1,0,0,0
FBgn0038488,FBtr0083414,FBtr0337043,1,1,4,0.333333333333333,0.666666666666667,3R:17146045:17146129:-,3R:17146042:17146129:-,3R:17145854:17145936:-|3R:17146653:17146730:-|3R:17147341:17147424:-|3R:17147727:17148647:-,0,0,6,0.0,1.0,,,3R:17144474:17145864:-|3R:17145926:17146055:-|3R:17146119:17146663:-|3R:17146720:17147351:-|3R:17147414:17147737:-|3R:17148637:17149412:-,1,1,6,0.25,0.75,3R:17146052:17146055:-,3R:17144474:17145451:-,3R:17145451:17145864:-|3R:17145926:17146052:-|3R:17146119:17146663:-|3R:17146720:17147351:-|3R:17147414:17147737:-|3R:17148637:17149412:-,0,0,4,0,0,,,2812,3,977,980,3792,0.258438818565401,0.741561181434599,3,977,2812,3792,0.258438818565401,0.741561181434599,0,0,0,0,0,1,1,0,0
FBgn0038491,FBtr0083410,FBtr0337042,0,0,1,0.0,1.0,,,3R:17152484:17152560:+,0,0,2,0.0,1.0,,,3R:17151860:17152494:+|3R:17152550:17153771:+,0,1,2,0.333333333333333,0.666666666666667,,3R:17153107:17153771:+,3R:17151860:17152494:+|3R:17152550:17153107:+,0,0,1,0,0,,,1191,0,664,664,1855,0.357951482479784,0.642048517520216,0,664,1191,1855,0.357951482479784,0.642048517520216,0,0,1,0,0,1,0,0,0
FBgn0038492,FBtr0334402,FBtr0334403,1,1,4,0.333333333333333,0.666666666666667,3R:17153797:17153893:-,3R:17153797:17153896:-,3R:17159938:17169884:-|3R:17170026:17180509:-|3R:17180531:17187096:-|3R:17187140:17201952:-,0,0,6,0.0,1.0,,,3R:17152994:17153807:-|3R:17153883:17159948:-|3R:17169874:17170036:-|3R:17180499:17180541:-|3R:17187086:17187150:-|3R:17201942:17202130:-,1,0,6,0.142857142857143,0.857142857142857,3R:17153883:17153886:-,,3R:17152994:17153807:-|3R:17153886:17159948:-|3R:17169874:17170036:-|3R:17180499:17180541:-|3R:17187086:17187150:-|3R:17201942:17202130:-,0,0,5,0,0,,,7331,3,0,3,7334,0.000409053722389,0.999590946277611,3,0,7331,7334,0.000409053722389,0.999590946277611,0,0,0,0,0,0,1,0,0
FBgn0038494,FBtr0083411,FBtr0339173,1,2,4,0.428571428571429,0.571428571428571,3R:17233532:17238908:-,3R:17233537:17238922:-|3R:17248095:17264906:-,3R:17232895:17233241:-|3R:17239036:17239487:-|3R:17239603:17239702:-|3R:17239897:17247280:-,0,1,6,0.142857142857143,0.857142857142857,,3R:17264896:17265049:-,3R:17232252:17232905:-|3R:17233231:17233547:-|3R:17238898:17239046:-|3R:17239477:17239613:-|3R:17239692:17239907:-|3R:17247270:17248105:-,1,3,6,0.4,0.6,3R:17238898:17238912:-,3R:17233542:17233547:-|3R:17247877:17248105:-|3R:17264896:17265049:-,3R:17232252:17232905:-|3R:17233231:17233542:-|3R:17238912:17239046:-|3R:17239477:17239613:-|3R:17239692:17239907:-|3R:17247270:17247877:-,0,1,3,0,0,,,2056,14,386,400,2456,0.162866449511401,0.837133550488599,14,233,2056,2303,0.107251411202779,0.892748588797221,0,153,0,0,1,0,1,1,0
FBgn0038498,FBtr0083453,FBtr0339170,1,0,5,0.166666666666667,0.833333333333333,3R:17346124:17365775:-,,3R:17321113:17321225:-|3R:17321494:17327242:-|3R:17327356:17331027:-|3R:17331143:17332504:-|3R:17332699:17345408:-,1,0,6,0.142857142857143,0.857142857142857,3R:17365765:17366119:-,,3R:17320003:17321123:-|3R:17321215:17321504:-|3R:17327232:17327366:-|3R:17331017:17331153:-|3R:17332494:17332709:-|3R:17345398:17346333:-,1,1,6,0.25,0.75,3R:17365765:17366119:-,3R:17346134:17346333:-,3R:17320003:17321123:-|3R:17321215:17321504:-|3R:17327232:17327366:-|3R:17331017:17331153:-|3R:17332494:17332709:-|3R:17345398:17346134:-,1,0,5,0,0,,,2630,354,199,553,3183,0.173735469682689,0.826264530317311,0,199,2630,2829,0.070342877341817,0.929657122658183,354,0,0,0,1,0,1,1,0
