gene_id,transcript_id,coords
FBgn0000014,FBtr0083388,3R:16810051:16810141:-
FBgn0000014,FBtr0083388,3R:16810345:16822431:-
FBgn0000014,FBtr0083388,3R:16822459:16827144:-
FBgn0000014,FBtr0349354,3R:16810051:16810141:-
FBgn0000014,FBtr0349354,3R:16810345:16822431:-
FBgn0000014,FBtr0349354,3R:16822459:16827144:-
FBgn0000008,FBtr0071764,2R:22138241:22151663:+
FBgn0000008,FBtr0071764,2R:22151685:22162914:+
FBgn0000008,FBtr0071764,2R:22163684:22164786:+
FBgn0000008,FBtr0071764,2R:22164979:22169253:+
FBgn0000008,FBtr0071764,2R:22170707:22170787:+
FBgn0000008,FBtr0071764,2R:22171975:22172091:+
FBgn0000008,FBtr0071764,2R:22172242:22172506:+
FBgn0000008,FBtr0358259,2R:22138241:22151663:+
FBgn0000008,FBtr0358259,2R:22151685:22162914:+
FBgn0000008,FBtr0358259,2R:22163684:22164786:+
FBgn0000008,FBtr0358259,2R:22164979:22169253:+
FBgn0000008,FBtr0358259,2R:22170707:22170787:+
FBgn0000008,FBtr0358259,2R:22171975:22172091:+
FBgn0000008,FBtr0358259,2R:22172242:22172506:+
FBgn0000014,FBtr0300485,3R:16810051:16810141:-
FBgn0000014,FBtr0300485,3R:16810345:16822431:-
FBgn0000014,FBtr0300485,3R:16822459:16826060:-
FBgn0000014,FBtr0300485,3R:16826297:16828930:-
FBgn0000014,FBtr0352852,3R:16810051:16810141:-
FBgn0000014,FBtr0352852,3R:16810345:16822431:-
FBgn0000014,FBtr0352852,3R:16822459:16826060:-
FBgn0000014,FBtr0352852,3R:16826297:16828930:-
FBgn0000014,FBtr0300485,3R:16810051:16810141:-
FBgn0000014,FBtr0300485,3R:16810345:16822431:-
FBgn0000014,FBtr0300485,3R:16822459:16826060:-
FBgn0000014,FBtr0300485,3R:16826297:16828930:-
FBgn0000014,FBtr0361182,3R:16810051:16810141:-
FBgn0000014,FBtr0361182,3R:16810345:16822431:-
FBgn0000014,FBtr0361182,3R:16822459:16826060:-
FBgn0000014,FBtr0361182,3R:16826297:16828930:-
FBgn0000015,FBtr0083384,3R:16929570:16929647:-
FBgn0000015,FBtr0083384,3R:16929842:16931125:-
FBgn0000015,FBtr0083384,3R:16931307:16932380:-
FBgn0000015,FBtr0360356,3R:16929570:16929647:-
FBgn0000015,FBtr0360356,3R:16929842:16931125:-
FBgn0000015,FBtr0360356,3R:16931307:16932380:-
FBgn0000014,FBtr0083387,3R:16810051:16810141:-
FBgn0000014,FBtr0083387,3R:16810345:16822431:-
FBgn0000014,FBtr0083387,3R:16822459:16826060:-
FBgn0000014,FBtr0083387,3R:16826297:16827144:-
FBgn0000014,FBtr0083387,3R:16827627:16828930:-
FBgn0000014,FBtr0349354,3R:16810051:16810141:-
FBgn0000014,FBtr0349354,3R:16810345:16822431:-
FBgn0000014,FBtr0349354,3R:16822459:16827144:-
FBgn0000008,FBtr0071763,2R:22137198:22138009:+
FBgn0000008,FBtr0071763,2R:22138241:22151663:+
FBgn0000008,FBtr0071763,2R:22151685:22162914:+
FBgn0000008,FBtr0071763,2R:22163684:22164786:+
FBgn0000008,FBtr0071763,2R:22164979:22169253:+
FBgn0000008,FBtr0071763,2R:22170707:22170787:+
FBgn0000008,FBtr0071763,2R:22171975:22172091:+
FBgn0000008,FBtr0071763,2R:22172242:22172506:+
FBgn0000008,FBtr0358259,2R:22138241:22151663:+
FBgn0000008,FBtr0358259,2R:22151685:22162914:+
FBgn0000008,FBtr0358259,2R:22163684:22164786:+
FBgn0000008,FBtr0358259,2R:22164979:22169253:+
FBgn0000008,FBtr0358259,2R:22170707:22170787:+
FBgn0000008,FBtr0358259,2R:22171975:22172091:+
FBgn0000008,FBtr0358259,2R:22172242:22172506:+
FBgn0000008,FBtr0100521,2R:22137016:22138009:+
FBgn0000008,FBtr0100521,2R:22138241:22151663:+
FBgn0000008,FBtr0100521,2R:22151685:22162914:+
FBgn0000008,FBtr0100521,2R:22163684:22164786:+
FBgn0000008,FBtr0100521,2R:22164979:22169253:+
FBgn0000008,FBtr0100521,2R:22170707:22170787:+
FBgn0000008,FBtr0100521,2R:22171975:22172091:+
FBgn0000008,FBtr0100521,2R:22172242:22172506:+
FBgn0000008,FBtr0358259,2R:22138241:22151663:+
FBgn0000008,FBtr0358259,2R:22151685:22162914:+
FBgn0000008,FBtr0358259,2R:22163684:22164786:+
FBgn0000008,FBtr0358259,2R:22164979:22169253:+
FBgn0000008,FBtr0358259,2R:22170707:22170787:+
FBgn0000008,FBtr0358259,2R:22171975:22172091:+
FBgn0000008,FBtr0358259,2R:22172242:22172506:+
FBgn0000014,FBtr0083388,3R:16810051:16810141:-
FBgn0000014,FBtr0083388,3R:16810345:16822431:-
FBgn0000014,FBtr0083388,3R:16822459:16827144:-
FBgn0000014,FBtr0352852,3R:16810051:16810141:-
FBgn0000014,FBtr0352852,3R:16810345:16822431:-
FBgn0000014,FBtr0352852,3R:16822459:16826060:-
FBgn0000014,FBtr0352852,3R:16826297:16828930:-
FBgn0000008,FBtr0342981,2R:22137016:22138009:+
FBgn0000008,FBtr0342981,2R:22138241:22162914:+
FBgn0000008,FBtr0342981,2R:22163684:22164786:+
FBgn0000008,FBtr0342981,2R:22164979:22169253:+
FBgn0000008,FBtr0342981,2R:22170707:22170787:+
FBgn0000008,FBtr0342981,2R:22171249:22172091:+
FBgn0000008,FBtr0342981,2R:22172242:22172506:+
FBgn0000008,FBtr0358259,2R:22138241:22151663:+
FBgn0000008,FBtr0358259,2R:22151685:22162914:+
FBgn0000008,FBtr0358259,2R:22163684:22164786:+
FBgn0000008,FBtr0358259,2R:22164979:22169253:+
FBgn0000008,FBtr0358259,2R:22170707:22170787:+
FBgn0000008,FBtr0358259,2R:22171975:22172091:+
FBgn0000008,FBtr0358259,2R:22172242:22172506:+
FBgn0000015,FBtr0083382,3R:16929570:16929647:-
FBgn0000015,FBtr0083382,3R:16929842:16931125:-
FBgn0000015,FBtr0083382,3R:16931307:16931411:-
FBgn0000015,FBtr0083382,3R:16931603:16935936:-
FBgn0000015,FBtr0083382,3R:16936094:16959981:-
FBgn0000015,FBtr0360356,3R:16929570:16929647:-
FBgn0000015,FBtr0360356,3R:16929842:16931125:-
FBgn0000015,FBtr0360356,3R:16931307:16932380:-
FBgn0000015,FBtr0083381,3R:16929570:16929647:-
FBgn0000015,FBtr0083381,3R:16929842:16931125:-
FBgn0000015,FBtr0083381,3R:16931307:16931411:-
FBgn0000015,FBtr0083381,3R:16931603:16935936:-
FBgn0000015,FBtr0083381,3R:16936094:16963168:-
FBgn0000015,FBtr0360356,3R:16929570:16929647:-
FBgn0000015,FBtr0360356,3R:16929842:16931125:-
FBgn0000015,FBtr0360356,3R:16931307:16932380:-
FBgn0000015,FBtr0083385,3R:16929570:16929647:-
FBgn0000015,FBtr0083385,3R:16929842:16931125:-
FBgn0000015,FBtr0083385,3R:16931307:16931411:-
FBgn0000015,FBtr0083385,3R:16931603:16935936:-
FBgn0000015,FBtr0083385,3R:16936094:16971768:-
FBgn0000015,FBtr0360356,3R:16929570:16929647:-
FBgn0000015,FBtr0360356,3R:16929842:16931125:-
FBgn0000015,FBtr0360356,3R:16931307:16932380:-
FBgn0000014,FBtr0083388,3R:16810051:16810141:-
FBgn0000014,FBtr0083388,3R:16810345:16822431:-
FBgn0000014,FBtr0083388,3R:16822459:16827144:-
FBgn0000014,FBtr0361182,3R:16810051:16810141:-
FBgn0000014,FBtr0361182,3R:16810345:16822431:-
FBgn0000014,FBtr0361182,3R:16822459:16826060:-
FBgn0000014,FBtr0361182,3R:16826297:16828930:-
FBgn0000014,FBtr0083387,3R:16810051:16810141:-
FBgn0000014,FBtr0083387,3R:16810345:16822431:-
FBgn0000014,FBtr0083387,3R:16822459:16826060:-
FBgn0000014,FBtr0083387,3R:16826297:16827144:-
FBgn0000014,FBtr0083387,3R:16827627:16828930:-
FBgn0000014,FBtr0352852,3R:16810051:16810141:-
FBgn0000014,FBtr0352852,3R:16810345:16822431:-
FBgn0000014,FBtr0352852,3R:16822459:16826060:-
FBgn0000014,FBtr0352852,3R:16826297:16828930:-
FBgn0000014,FBtr0300485,3R:16810051:16810141:-
FBgn0000014,FBtr0300485,3R:16810345:16822431:-
FBgn0000014,FBtr0300485,3R:16822459:16826060:-
FBgn0000014,FBtr0300485,3R:16826297:16828930:-
FBgn0000014,FBtr0349354,3R:16810051:16810141:-
FBgn0000014,FBtr0349354,3R:16810345:16822431:-
FBgn0000014,FBtr0349354,3R:16822459:16827144:-
FBgn0000014,FBtr0083387,3R:16810051:16810141:-
FBgn0000014,FBtr0083387,3R:16810345:16822431:-
FBgn0000014,FBtr0083387,3R:16822459:16826060:-
FBgn0000014,FBtr0083387,3R:16826297:16827144:-
FBgn0000014,FBtr0083387,3R:16827627:16828930:-
FBgn0000014,FBtr0361182,3R:16810051:16810141:-
FBgn0000014,FBtr0361182,3R:16810345:16822431:-
FBgn0000014,FBtr0361182,3R:16822459:16826060:-
FBgn0000014,FBtr0361182,3R:16826297:16828930:-
FBgn0000015,FBtr0083383,3R:16929570:16929647:-
FBgn0000015,FBtr0083383,3R:16929842:16931125:-
FBgn0000015,FBtr0083383,3R:16931307:16931411:-
FBgn0000015,FBtr0083383,3R:16931603:16935936:-
FBgn0000015,FBtr0083383,3R:16936094:16943791:-
FBgn0000015,FBtr0360356,3R:16929570:16929647:-
FBgn0000015,FBtr0360356,3R:16929842:16931125:-
FBgn0000015,FBtr0360356,3R:16931307:16932380:-
FBgn0000018,FBtr0080168,2L:10974200:10974277:-
FBgn0000018,FBtr0222118,2L:10974200:10974277:-
FBgn0000018,FBtr0080168,2L:10974200:10974277:-
FBgn0000018,FBtr0358397,2L:10974200:10974281:-
FBgn0000024,FBtr0300486,3R:13229760:13232688:-
FBgn0000024,FBtr0300486,3R:13232832:13232970:-
FBgn0000024,FBtr0300486,3R:13233114:13237138:-
FBgn0000024,FBtr0300486,3R:13237268:13238066:-
FBgn0000024,FBtr0300486,3R:13238189:13243228:-
FBgn0000024,FBtr0300486,3R:13243416:13243595:-
FBgn0000024,FBtr0300486,3R:13244121:13244270:-
FBgn0000024,FBtr0300486,3R:13244389:13245819:-
FBgn0000024,FBtr0300486,3R:13246644:13259462:-
FBgn0000024,FBtr0350636,3R:13229760:13232688:-
FBgn0000024,FBtr0350636,3R:13232832:13232970:-
FBgn0000024,FBtr0350636,3R:13233114:13237138:-
FBgn0000024,FBtr0350636,3R:13237268:13238066:-
FBgn0000024,FBtr0350636,3R:13238189:13243228:-
FBgn0000024,FBtr0350636,3R:13243416:13243595:-
FBgn0000024,FBtr0350636,3R:13244121:13244270:-
FBgn0000024,FBtr0350636,3R:13244389:13245819:-
FBgn0000024,FBtr0350636,3R:13246644:13259462:-
FBgn0000024,FBtr0082780,3R:13229760:13232688:-
FBgn0000024,FBtr0082780,3R:13232832:13232970:-
FBgn0000024,FBtr0082780,3R:13233114:13237138:-
FBgn0000024,FBtr0082780,3R:13237268:13238066:-
FBgn0000024,FBtr0082780,3R:13238189:13243228:-
FBgn0000024,FBtr0082780,3R:13243416:13243595:-
FBgn0000024,FBtr0082780,3R:13244121:13244270:-
FBgn0000024,FBtr0082780,3R:13244389:13258312:-
FBgn0000024,FBtr0352990,3R:13229760:13232688:-
FBgn0000024,FBtr0352990,3R:13232832:13232970:-
FBgn0000024,FBtr0352990,3R:13233114:13237138:-
FBgn0000024,FBtr0352990,3R:13237268:13238066:-
FBgn0000024,FBtr0352990,3R:13238189:13243228:-
FBgn0000024,FBtr0352990,3R:13243416:13243595:-
FBgn0000024,FBtr0352990,3R:13244121:13244270:-
FBgn0000024,FBtr0352990,3R:13244389:13258312:-
FBgn0000024,FBtr0300486,3R:13229760:13232688:-
FBgn0000024,FBtr0300486,3R:13232832:13232970:-
FBgn0000024,FBtr0300486,3R:13233114:13237138:-
FBgn0000024,FBtr0300486,3R:13237268:13238066:-
FBgn0000024,FBtr0300486,3R:13238189:13243228:-
FBgn0000024,FBtr0300486,3R:13243416:13243595:-
FBgn0000024,FBtr0300486,3R:13244121:13244270:-
FBgn0000024,FBtr0300486,3R:13244389:13245819:-
FBgn0000024,FBtr0300486,3R:13246644:13259462:-
FBgn0000024,FBtr0352990,3R:13229760:13232688:-
FBgn0000024,FBtr0352990,3R:13232832:13232970:-
FBgn0000024,FBtr0352990,3R:13233114:13237138:-
FBgn0000024,FBtr0352990,3R:13237268:13238066:-
FBgn0000024,FBtr0352990,3R:13238189:13243228:-
FBgn0000024,FBtr0352990,3R:13243416:13243595:-
FBgn0000024,FBtr0352990,3R:13244121:13244270:-
FBgn0000024,FBtr0352990,3R:13244389:13258312:-
FBgn0000024,FBtr0335223,3R:13223368:13232688:-
FBgn0000024,FBtr0335223,3R:13232832:13232970:-
FBgn0000024,FBtr0335223,3R:13233114:13237138:-
FBgn0000024,FBtr0335223,3R:13237268:13238066:-
FBgn0000024,FBtr0335223,3R:13238189:13243228:-
FBgn0000024,FBtr0335223,3R:13243416:13243595:-
FBgn0000024,FBtr0335223,3R:13244121:13244270:-
FBgn0000024,FBtr0335223,3R:13244389:13258312:-
FBgn0000024,FBtr0352207,3R:13223368:13232688:-
FBgn0000024,FBtr0352207,3R:13232832:13232970:-
FBgn0000024,FBtr0352207,3R:13233114:13237138:-
FBgn0000024,FBtr0352207,3R:13237268:13238066:-
FBgn0000024,FBtr0352207,3R:13238189:13243228:-
FBgn0000024,FBtr0352207,3R:13243416:13243595:-
FBgn0000024,FBtr0352207,3R:13244121:13244270:-
FBgn0000024,FBtr0352207,3R:13244389:13258312:-
FBgn0000024,FBtr0300486,3R:13229760:13232688:-
FBgn0000024,FBtr0300486,3R:13232832:13232970:-
FBgn0000024,FBtr0300486,3R:13233114:13237138:-
FBgn0000024,FBtr0300486,3R:13237268:13238066:-
FBgn0000024,FBtr0300486,3R:13238189:13243228:-
FBgn0000024,FBtr0300486,3R:13243416:13243595:-
FBgn0000024,FBtr0300486,3R:13244121:13244270:-
FBgn0000024,FBtr0300486,3R:13244389:13245819:-
FBgn0000024,FBtr0300486,3R:13246644:13259462:-
FBgn0000024,FBtr0352207,3R:13223368:13232688:-
FBgn0000024,FBtr0352207,3R:13232832:13232970:-
FBgn0000024,FBtr0352207,3R:13233114:13237138:-
FBgn0000024,FBtr0352207,3R:13237268:13238066:-
FBgn0000024,FBtr0352207,3R:13238189:13243228:-
FBgn0000024,FBtr0352207,3R:13243416:13243595:-
FBgn0000024,FBtr0352207,3R:13244121:13244270:-
FBgn0000024,FBtr0352207,3R:13244389:13258312:-
FBgn0000024,FBtr0082780,3R:13229760:13232688:-
FBgn0000024,FBtr0082780,3R:13232832:13232970:-
FBgn0000024,FBtr0082780,3R:13233114:13237138:-
FBgn0000024,FBtr0082780,3R:13237268:13238066:-
FBgn0000024,FBtr0082780,3R:13238189:13243228:-
FBgn0000024,FBtr0082780,3R:13243416:13243595:-
FBgn0000024,FBtr0082780,3R:13244121:13244270:-
FBgn0000024,FBtr0082780,3R:13244389:13258312:-
FBgn0000024,FBtr0350636,3R:13229760:13232688:-
FBgn0000024,FBtr0350636,3R:13232832:13232970:-
FBgn0000024,FBtr0350636,3R:13233114:13237138:-
FBgn0000024,FBtr0350636,3R:13237268:13238066:-
FBgn0000024,FBtr0350636,3R:13238189:13243228:-
FBgn0000024,FBtr0350636,3R:13243416:13243595:-
FBgn0000024,FBtr0350636,3R:13244121:13244270:-
FBgn0000024,FBtr0350636,3R:13244389:13245819:-
FBgn0000024,FBtr0350636,3R:13246644:13259462:-
FBgn0000024,FBtr0082780,3R:13229760:13232688:-
FBgn0000024,FBtr0082780,3R:13232832:13232970:-
FBgn0000024,FBtr0082780,3R:13233114:13237138:-
FBgn0000024,FBtr0082780,3R:13237268:13238066:-
FBgn0000024,FBtr0082780,3R:13238189:13243228:-
FBgn0000024,FBtr0082780,3R:13243416:13243595:-
FBgn0000024,FBtr0082780,3R:13244121:13244270:-
FBgn0000024,FBtr0082780,3R:13244389:13258312:-
FBgn0000024,FBtr0352207,3R:13223368:13232688:-
FBgn0000024,FBtr0352207,3R:13232832:13232970:-
FBgn0000024,FBtr0352207,3R:13233114:13237138:-
FBgn0000024,FBtr0352207,3R:13237268:13238066:-
FBgn0000024,FBtr0352207,3R:13238189:13243228:-
FBgn0000024,FBtr0352207,3R:13243416:13243595:-
FBgn0000024,FBtr0352207,3R:13244121:13244270:-
FBgn0000024,FBtr0352207,3R:13244389:13258312:-
FBgn0000028,FBtr0305192,X:15353157:15353234:-
FBgn0000028,FBtr0305192,X:15353378:15354236:-
FBgn0000028,FBtr0305192,X:15354448:15354545:-
FBgn0000028,FBtr0305192,X:15354666:15354764:-
FBgn0000028,FBtr0305192,X:15354922:15378198:-
FBgn0000028,FBtr0359992,X:15353157:15353234:-
FBgn0000028,FBtr0359992,X:15353378:15354236:-
FBgn0000028,FBtr0359992,X:15354448:15354545:-
FBgn0000028,FBtr0359992,X:15354666:15354764:-
FBgn0000028,FBtr0359992,X:15354943:15378198:-
FBgn0000028,FBtr0305192,X:15353157:15353234:-
FBgn0000028,FBtr0305192,X:15353378:15354236:-
FBgn0000028,FBtr0305192,X:15354448:15354545:-
FBgn0000028,FBtr0305192,X:15354666:15354764:-
FBgn0000028,FBtr0305192,X:15354922:15378198:-
FBgn0000028,FBtr0364108,X:15353157:15353234:-
FBgn0000028,FBtr0364108,X:15353372:15354236:-
FBgn0000028,FBtr0364108,X:15354448:15354545:-
FBgn0000028,FBtr0364108,X:15354666:15354764:-
FBgn0000028,FBtr0364108,X:15354943:15371521:-
FBgn0000028,FBtr0364108,X:15371678:15378198:-
FBgn0000024,FBtr0335223,3R:13223368:13232688:-
FBgn0000024,FBtr0335223,3R:13232832:13232970:-
FBgn0000024,FBtr0335223,3R:13233114:13237138:-
FBgn0000024,FBtr0335223,3R:13237268:13238066:-
FBgn0000024,FBtr0335223,3R:13238189:13243228:-
FBgn0000024,FBtr0335223,3R:13243416:13243595:-
FBgn0000024,FBtr0335223,3R:13244121:13244270:-
FBgn0000024,FBtr0335223,3R:13244389:13258312:-
FBgn0000024,FBtr0350636,3R:13229760:13232688:-
FBgn0000024,FBtr0350636,3R:13232832:13232970:-
FBgn0000024,FBtr0350636,3R:13233114:13237138:-
FBgn0000024,FBtr0350636,3R:13237268:13238066:-
FBgn0000024,FBtr0350636,3R:13238189:13243228:-
FBgn0000024,FBtr0350636,3R:13243416:13243595:-
FBgn0000024,FBtr0350636,3R:13244121:13244270:-
FBgn0000024,FBtr0350636,3R:13244389:13245819:-
FBgn0000024,FBtr0350636,3R:13246644:13259462:-
FBgn0000028,FBtr0305192,X:15353157:15353234:-
FBgn0000028,FBtr0305192,X:15353378:15354236:-
FBgn0000028,FBtr0305192,X:15354448:15354545:-
FBgn0000028,FBtr0305192,X:15354666:15354764:-
FBgn0000028,FBtr0305192,X:15354922:15378198:-
FBgn0000028,FBtr0359429,X:15353157:15353234:-
FBgn0000028,FBtr0359429,X:15353378:15354236:-
FBgn0000028,FBtr0359429,X:15354448:15354545:-
FBgn0000028,FBtr0359429,X:15354666:15354764:-
FBgn0000028,FBtr0359429,X:15354943:15371521:-
FBgn0000028,FBtr0359429,X:15371678:15378198:-
FBgn0000028,FBtr0305192,X:15353157:15353234:-
FBgn0000028,FBtr0305192,X:15353378:15354236:-
FBgn0000028,FBtr0305192,X:15354448:15354545:-
FBgn0000028,FBtr0305192,X:15354666:15354764:-
FBgn0000028,FBtr0305192,X:15354922:15378198:-
FBgn0000028,FBtr0363590,X:15353157:15353234:-
FBgn0000028,FBtr0363590,X:15353378:15354236:-
FBgn0000028,FBtr0363590,X:15354448:15354545:-
FBgn0000028,FBtr0363590,X:15354666:15354764:-
FBgn0000028,FBtr0363590,X:15354943:15371521:-
FBgn0000028,FBtr0363590,X:15371678:15378198:-
FBgn0000028,FBtr0305192,X:15353157:15353234:-
FBgn0000028,FBtr0305192,X:15353378:15354236:-
FBgn0000028,FBtr0305192,X:15354448:15354545:-
FBgn0000028,FBtr0305192,X:15354666:15354764:-
FBgn0000028,FBtr0305192,X:15354922:15378198:-
FBgn0000028,FBtr0354362,X:15353157:15353234:-
FBgn0000028,FBtr0354362,X:15353372:15354236:-
FBgn0000028,FBtr0354362,X:15354448:15354545:-
FBgn0000028,FBtr0354362,X:15354666:15354764:-
FBgn0000028,FBtr0354362,X:15354943:15378198:-
FBgn0000028,FBtr0305192,X:15353157:15353234:-
FBgn0000028,FBtr0305192,X:15353378:15354236:-
FBgn0000028,FBtr0305192,X:15354448:15354545:-
FBgn0000028,FBtr0305192,X:15354666:15354764:-
FBgn0000028,FBtr0305192,X:15354922:15378198:-
FBgn0000028,FBtr0362039,X:15353157:15353234:-
FBgn0000028,FBtr0362039,X:15353372:15354236:-
FBgn0000028,FBtr0362039,X:15354448:15354545:-
FBgn0000028,FBtr0362039,X:15354666:15354764:-
FBgn0000028,FBtr0362039,X:15354943:15371521:-
FBgn0000028,FBtr0362039,X:15371678:15378198:-
FBgn0000024,FBtr0335223,3R:13223368:13232688:-
FBgn0000024,FBtr0335223,3R:13232832:13232970:-
FBgn0000024,FBtr0335223,3R:13233114:13237138:-
FBgn0000024,FBtr0335223,3R:13237268:13238066:-
FBgn0000024,FBtr0335223,3R:13238189:13243228:-
FBgn0000024,FBtr0335223,3R:13243416:13243595:-
FBgn0000024,FBtr0335223,3R:13244121:13244270:-
FBgn0000024,FBtr0335223,3R:13244389:13258312:-
FBgn0000024,FBtr0352990,3R:13229760:13232688:-
FBgn0000024,FBtr0352990,3R:13232832:13232970:-
FBgn0000024,FBtr0352990,3R:13233114:13237138:-
FBgn0000024,FBtr0352990,3R:13237268:13238066:-
FBgn0000024,FBtr0352990,3R:13238189:13243228:-
FBgn0000024,FBtr0352990,3R:13243416:13243595:-
FBgn0000024,FBtr0352990,3R:13244121:13244270:-
FBgn0000024,FBtr0352990,3R:13244389:13258312:-
FBgn0000028,FBtr0290063,X:15353157:15353234:-
FBgn0000028,FBtr0290063,X:15353372:15354236:-
FBgn0000028,FBtr0290063,X:15354448:15354545:-
FBgn0000028,FBtr0290063,X:15354666:15354764:-
FBgn0000028,FBtr0290063,X:15354943:15371521:-
FBgn0000028,FBtr0290063,X:15371678:15378198:-
FBgn0000028,FBtr0363590,X:15353157:15353234:-
FBgn0000028,FBtr0363590,X:15353378:15354236:-
FBgn0000028,FBtr0363590,X:15354448:15354545:-
FBgn0000028,FBtr0363590,X:15354666:15354764:-
FBgn0000028,FBtr0363590,X:15354943:15371521:-
FBgn0000028,FBtr0363590,X:15371678:15378198:-
FBgn0000028,FBtr0290063,X:15353157:15353234:-
FBgn0000028,FBtr0290063,X:15353372:15354236:-
FBgn0000028,FBtr0290063,X:15354448:15354545:-
FBgn0000028,FBtr0290063,X:15354666:15354764:-
FBgn0000028,FBtr0290063,X:15354943:15371521:-
FBgn0000028,FBtr0290063,X:15371678:15378198:-
FBgn0000028,FBtr0359992,X:15353157:15353234:-
FBgn0000028,FBtr0359992,X:15353378:15354236:-
FBgn0000028,FBtr0359992,X:15354448:15354545:-
FBgn0000028,FBtr0359992,X:15354666:15354764:-
FBgn0000028,FBtr0359992,X:15354943:15378198:-
FBgn0000028,FBtr0290063,X:15353157:15353234:-
FBgn0000028,FBtr0290063,X:15353372:15354236:-
FBgn0000028,FBtr0290063,X:15354448:15354545:-
FBgn0000028,FBtr0290063,X:15354666:15354764:-
FBgn0000028,FBtr0290063,X:15354943:15371521:-
FBgn0000028,FBtr0290063,X:15371678:15378198:-
FBgn0000028,FBtr0364108,X:15353157:15353234:-
FBgn0000028,FBtr0364108,X:15353372:15354236:-
FBgn0000028,FBtr0364108,X:15354448:15354545:-
FBgn0000028,FBtr0364108,X:15354666:15354764:-
FBgn0000028,FBtr0364108,X:15354943:15371521:-
FBgn0000028,FBtr0364108,X:15371678:15378198:-
FBgn0000028,FBtr0290063,X:15353157:15353234:-
FBgn0000028,FBtr0290063,X:15353372:15354236:-
FBgn0000028,FBtr0290063,X:15354448:15354545:-
FBgn0000028,FBtr0290063,X:15354666:15354764:-
FBgn0000028,FBtr0290063,X:15354943:15371521:-
FBgn0000028,FBtr0290063,X:15371678:15378198:-
FBgn0000028,FBtr0362039,X:15353157:15353234:-
FBgn0000028,FBtr0362039,X:15353372:15354236:-
FBgn0000028,FBtr0362039,X:15354448:15354545:-
FBgn0000028,FBtr0362039,X:15354666:15354764:-
FBgn0000028,FBtr0362039,X:15354943:15371521:-
FBgn0000028,FBtr0362039,X:15371678:15378198:-
FBgn0000028,FBtr0290063,X:15353157:15353234:-
FBgn0000028,FBtr0290063,X:15353372:15354236:-
FBgn0000028,FBtr0290063,X:15354448:15354545:-
FBgn0000028,FBtr0290063,X:15354666:15354764:-
FBgn0000028,FBtr0290063,X:15354943:15371521:-
FBgn0000028,FBtr0290063,X:15371678:15378198:-
FBgn0000028,FBtr0359429,X:15353157:15353234:-
FBgn0000028,FBtr0359429,X:15353378:15354236:-
FBgn0000028,FBtr0359429,X:15354448:15354545:-
FBgn0000028,FBtr0359429,X:15354666:15354764:-
FBgn0000028,FBtr0359429,X:15354943:15371521:-
FBgn0000028,FBtr0359429,X:15371678:15378198:-
FBgn0000028,FBtr0290063,X:15353157:15353234:-
FBgn0000028,FBtr0290063,X:15353372:15354236:-
FBgn0000028,FBtr0290063,X:15354448:15354545:-
FBgn0000028,FBtr0290063,X:15354666:15354764:-
FBgn0000028,FBtr0290063,X:15354943:15371521:-
FBgn0000028,FBtr0290063,X:15371678:15378198:-
FBgn0000028,FBtr0354362,X:15353157:15353234:-
FBgn0000028,FBtr0354362,X:15353372:15354236:-
FBgn0000028,FBtr0354362,X:15354448:15354545:-
FBgn0000028,FBtr0354362,X:15354666:15354764:-
FBgn0000028,FBtr0354362,X:15354943:15378198:-
FBgn0000028,FBtr0290064,X:15353157:15353234:-
FBgn0000028,FBtr0290064,X:15353372:15354236:-
FBgn0000028,FBtr0290064,X:15354448:15354545:-
FBgn0000028,FBtr0290064,X:15354666:15354764:-
FBgn0000028,FBtr0290064,X:15354943:15378198:-
FBgn0000028,FBtr0354362,X:15353157:15353234:-
FBgn0000028,FBtr0354362,X:15353372:15354236:-
FBgn0000028,FBtr0354362,X:15354448:15354545:-
FBgn0000028,FBtr0354362,X:15354666:15354764:-
FBgn0000028,FBtr0354362,X:15354943:15378198:-
FBgn0000028,FBtr0290064,X:15353157:15353234:-
FBgn0000028,FBtr0290064,X:15353372:15354236:-
FBgn0000028,FBtr0290064,X:15354448:15354545:-
FBgn0000028,FBtr0290064,X:15354666:15354764:-
FBgn0000028,FBtr0290064,X:15354943:15378198:-
FBgn0000028,FBtr0362039,X:15353157:15353234:-
FBgn0000028,FBtr0362039,X:15353372:15354236:-
FBgn0000028,FBtr0362039,X:15354448:15354545:-
FBgn0000028,FBtr0362039,X:15354666:15354764:-
FBgn0000028,FBtr0362039,X:15354943:15371521:-
FBgn0000028,FBtr0362039,X:15371678:15378198:-
FBgn0000028,FBtr0290064,X:15353157:15353234:-
FBgn0000028,FBtr0290064,X:15353372:15354236:-
FBgn0000028,FBtr0290064,X:15354448:15354545:-
FBgn0000028,FBtr0290064,X:15354666:15354764:-
FBgn0000028,FBtr0290064,X:15354943:15378198:-
FBgn0000028,FBtr0359992,X:15353157:15353234:-
FBgn0000028,FBtr0359992,X:15353378:15354236:-
FBgn0000028,FBtr0359992,X:15354448:15354545:-
FBgn0000028,FBtr0359992,X:15354666:15354764:-
FBgn0000028,FBtr0359992,X:15354943:15378198:-
FBgn0000028,FBtr0290064,X:15353157:15353234:-
FBgn0000028,FBtr0290064,X:15353372:15354236:-
FBgn0000028,FBtr0290064,X:15354448:15354545:-
FBgn0000028,FBtr0290064,X:15354666:15354764:-
FBgn0000028,FBtr0290064,X:15354943:15378198:-
FBgn0000028,FBtr0363590,X:15353157:15353234:-
FBgn0000028,FBtr0363590,X:15353378:15354236:-
FBgn0000028,FBtr0363590,X:15354448:15354545:-
FBgn0000028,FBtr0363590,X:15354666:15354764:-
FBgn0000028,FBtr0363590,X:15354943:15371521:-
FBgn0000028,FBtr0363590,X:15371678:15378198:-
FBgn0000028,FBtr0290064,X:15353157:15353234:-
FBgn0000028,FBtr0290064,X:15353372:15354236:-
FBgn0000028,FBtr0290064,X:15354448:15354545:-
FBgn0000028,FBtr0290064,X:15354666:15354764:-
FBgn0000028,FBtr0290064,X:15354943:15378198:-
FBgn0000028,FBtr0359429,X:15353157:15353234:-
FBgn0000028,FBtr0359429,X:15353378:15354236:-
FBgn0000028,FBtr0359429,X:15354448:15354545:-
FBgn0000028,FBtr0359429,X:15354666:15354764:-
FBgn0000028,FBtr0359429,X:15354943:15371521:-
FBgn0000028,FBtr0359429,X:15371678:15378198:-
FBgn0000028,FBtr0290064,X:15353157:15353234:-
FBgn0000028,FBtr0290064,X:15353372:15354236:-
FBgn0000028,FBtr0290064,X:15354448:15354545:-
FBgn0000028,FBtr0290064,X:15354666:15354764:-
FBgn0000028,FBtr0290064,X:15354943:15378198:-
FBgn0000028,FBtr0364108,X:15353157:15353234:-
FBgn0000028,FBtr0364108,X:15353372:15354236:-
FBgn0000028,FBtr0364108,X:15354448:15354545:-
FBgn0000028,FBtr0364108,X:15354666:15354764:-
FBgn0000028,FBtr0364108,X:15354943:15371521:-
FBgn0000028,FBtr0364108,X:15371678:15378198:-
FBgn0000028,FBtr0100328,X:15351948:15352343:-
FBgn0000028,FBtr0100328,X:15353157:15353234:-
FBgn0000028,FBtr0100328,X:15353372:15354236:-
FBgn0000028,FBtr0100328,X:15354448:15354545:-
FBgn0000028,FBtr0100328,X:15354666:15354764:-
FBgn0000028,FBtr0100328,X:15354943:15371521:-
FBgn0000028,FBtr0100328,X:15371678:15372161:-
FBgn0000028,FBtr0100328,X:15372198:15378198:-
FBgn0000028,FBtr0363590,X:15353157:15353234:-
FBgn0000028,FBtr0363590,X:15353378:15354236:-
FBgn0000028,FBtr0363590,X:15354448:15354545:-
FBgn0000028,FBtr0363590,X:15354666:15354764:-
FBgn0000028,FBtr0363590,X:15354943:15371521:-
FBgn0000028,FBtr0363590,X:15371678:15378198:-
FBgn0000028,FBtr0100328,X:15351948:15352343:-
FBgn0000028,FBtr0100328,X:15353157:15353234:-
FBgn0000028,FBtr0100328,X:15353372:15354236:-
FBgn0000028,FBtr0100328,X:15354448:15354545:-
FBgn0000028,FBtr0100328,X:15354666:15354764:-
FBgn0000028,FBtr0100328,X:15354943:15371521:-
FBgn0000028,FBtr0100328,X:15371678:15372161:-
FBgn0000028,FBtr0100328,X:15372198:15378198:-
FBgn0000028,FBtr0364108,X:15353157:15353234:-
FBgn0000028,FBtr0364108,X:15353372:15354236:-
FBgn0000028,FBtr0364108,X:15354448:15354545:-
FBgn0000028,FBtr0364108,X:15354666:15354764:-
FBgn0000028,FBtr0364108,X:15354943:15371521:-
FBgn0000028,FBtr0364108,X:15371678:15378198:-
FBgn0000028,FBtr0100328,X:15351948:15352343:-
FBgn0000028,FBtr0100328,X:15353157:15353234:-
FBgn0000028,FBtr0100328,X:15353372:15354236:-
FBgn0000028,FBtr0100328,X:15354448:15354545:-
FBgn0000028,FBtr0100328,X:15354666:15354764:-
FBgn0000028,FBtr0100328,X:15354943:15371521:-
FBgn0000028,FBtr0100328,X:15371678:15372161:-
FBgn0000028,FBtr0100328,X:15372198:15378198:-
FBgn0000028,FBtr0362039,X:15353157:15353234:-
FBgn0000028,FBtr0362039,X:15353372:15354236:-
FBgn0000028,FBtr0362039,X:15354448:15354545:-
FBgn0000028,FBtr0362039,X:15354666:15354764:-
FBgn0000028,FBtr0362039,X:15354943:15371521:-
FBgn0000028,FBtr0362039,X:15371678:15378198:-
FBgn0000028,FBtr0100328,X:15351948:15352343:-
FBgn0000028,FBtr0100328,X:15353157:15353234:-
FBgn0000028,FBtr0100328,X:15353372:15354236:-
FBgn0000028,FBtr0100328,X:15354448:15354545:-
FBgn0000028,FBtr0100328,X:15354666:15354764:-
FBgn0000028,FBtr0100328,X:15354943:15371521:-
FBgn0000028,FBtr0100328,X:15371678:15372161:-
FBgn0000028,FBtr0100328,X:15372198:15378198:-
FBgn0000028,FBtr0359429,X:15353157:15353234:-
FBgn0000028,FBtr0359429,X:15353378:15354236:-
FBgn0000028,FBtr0359429,X:15354448:15354545:-
FBgn0000028,FBtr0359429,X:15354666:15354764:-
FBgn0000028,FBtr0359429,X:15354943:15371521:-
FBgn0000028,FBtr0359429,X:15371678:15378198:-
FBgn0000028,FBtr0100328,X:15351948:15352343:-
FBgn0000028,FBtr0100328,X:15353157:15353234:-
FBgn0000028,FBtr0100328,X:15353372:15354236:-
FBgn0000028,FBtr0100328,X:15354448:15354545:-
FBgn0000028,FBtr0100328,X:15354666:15354764:-
FBgn0000028,FBtr0100328,X:15354943:15371521:-
FBgn0000028,FBtr0100328,X:15371678:15372161:-
FBgn0000028,FBtr0100328,X:15372198:15378198:-
FBgn0000028,FBtr0359992,X:15353157:15353234:-
FBgn0000028,FBtr0359992,X:15353378:15354236:-
FBgn0000028,FBtr0359992,X:15354448:15354545:-
FBgn0000028,FBtr0359992,X:15354666:15354764:-
FBgn0000028,FBtr0359992,X:15354943:15378198:-
FBgn0000028,FBtr0100328,X:15351948:15352343:-
FBgn0000028,FBtr0100328,X:15353157:15353234:-
FBgn0000028,FBtr0100328,X:15353372:15354236:-
FBgn0000028,FBtr0100328,X:15354448:15354545:-
FBgn0000028,FBtr0100328,X:15354666:15354764:-
FBgn0000028,FBtr0100328,X:15354943:15371521:-
FBgn0000028,FBtr0100328,X:15371678:15372161:-
FBgn0000028,FBtr0100328,X:15372198:15378198:-
FBgn0000028,FBtr0354362,X:15353157:15353234:-
FBgn0000028,FBtr0354362,X:15353372:15354236:-
FBgn0000028,FBtr0354362,X:15354448:15354545:-
FBgn0000028,FBtr0354362,X:15354666:15354764:-
FBgn0000028,FBtr0354362,X:15354943:15378198:-
FBgn0000028,FBtr0305190,X:15353157:15353234:-
FBgn0000028,FBtr0305190,X:15353372:15354236:-
FBgn0000028,FBtr0305190,X:15354448:15354545:-
FBgn0000028,FBtr0305190,X:15354666:15354764:-
FBgn0000028,FBtr0305190,X:15354922:15378198:-
FBgn0000028,FBtr0363590,X:15353157:15353234:-
FBgn0000028,FBtr0363590,X:15353378:15354236:-
FBgn0000028,FBtr0363590,X:15354448:15354545:-
FBgn0000028,FBtr0363590,X:15354666:15354764:-
FBgn0000028,FBtr0363590,X:15354943:15371521:-
FBgn0000028,FBtr0363590,X:15371678:15378198:-
FBgn0000028,FBtr0305190,X:15353157:15353234:-
FBgn0000028,FBtr0305190,X:15353372:15354236:-
FBgn0000028,FBtr0305190,X:15354448:15354545:-
FBgn0000028,FBtr0305190,X:15354666:15354764:-
FBgn0000028,FBtr0305190,X:15354922:15378198:-
FBgn0000028,FBtr0359992,X:15353157:15353234:-
FBgn0000028,FBtr0359992,X:15353378:15354236:-
FBgn0000028,FBtr0359992,X:15354448:15354545:-
FBgn0000028,FBtr0359992,X:15354666:15354764:-
FBgn0000028,FBtr0359992,X:15354943:15378198:-
FBgn0000028,FBtr0305190,X:15353157:15353234:-
FBgn0000028,FBtr0305190,X:15353372:15354236:-
FBgn0000028,FBtr0305190,X:15354448:15354545:-
FBgn0000028,FBtr0305190,X:15354666:15354764:-
FBgn0000028,FBtr0305190,X:15354922:15378198:-
FBgn0000028,FBtr0359429,X:15353157:15353234:-
FBgn0000028,FBtr0359429,X:15353378:15354236:-
FBgn0000028,FBtr0359429,X:15354448:15354545:-
FBgn0000028,FBtr0359429,X:15354666:15354764:-
FBgn0000028,FBtr0359429,X:15354943:15371521:-
FBgn0000028,FBtr0359429,X:15371678:15378198:-
FBgn0000028,FBtr0305190,X:15353157:15353234:-
FBgn0000028,FBtr0305190,X:15353372:15354236:-
FBgn0000028,FBtr0305190,X:15354448:15354545:-
FBgn0000028,FBtr0305190,X:15354666:15354764:-
FBgn0000028,FBtr0305190,X:15354922:15378198:-
FBgn0000028,FBtr0364108,X:15353157:15353234:-
FBgn0000028,FBtr0364108,X:15353372:15354236:-
FBgn0000028,FBtr0364108,X:15354448:15354545:-
FBgn0000028,FBtr0364108,X:15354666:15354764:-
FBgn0000028,FBtr0364108,X:15354943:15371521:-
FBgn0000028,FBtr0364108,X:15371678:15378198:-
FBgn0000028,FBtr0305190,X:15353157:15353234:-
FBgn0000028,FBtr0305190,X:15353372:15354236:-
FBgn0000028,FBtr0305190,X:15354448:15354545:-
FBgn0000028,FBtr0305190,X:15354666:15354764:-
FBgn0000028,FBtr0305190,X:15354922:15378198:-
FBgn0000028,FBtr0362039,X:15353157:15353234:-
FBgn0000028,FBtr0362039,X:15353372:15354236:-
FBgn0000028,FBtr0362039,X:15354448:15354545:-
FBgn0000028,FBtr0362039,X:15354666:15354764:-
FBgn0000028,FBtr0362039,X:15354943:15371521:-
FBgn0000028,FBtr0362039,X:15371678:15378198:-
FBgn0000028,FBtr0305190,X:15353157:15353234:-
FBgn0000028,FBtr0305190,X:15353372:15354236:-
FBgn0000028,FBtr0305190,X:15354448:15354545:-
FBgn0000028,FBtr0305190,X:15354666:15354764:-
FBgn0000028,FBtr0305190,X:15354922:15378198:-
FBgn0000028,FBtr0354362,X:15353157:15353234:-
FBgn0000028,FBtr0354362,X:15353372:15354236:-
FBgn0000028,FBtr0354362,X:15354448:15354545:-
FBgn0000028,FBtr0354362,X:15354666:15354764:-
FBgn0000028,FBtr0354362,X:15354943:15378198:-
FBgn0000028,FBtr0305189,X:15353157:15353234:-
FBgn0000028,FBtr0305189,X:15353372:15354236:-
FBgn0000028,FBtr0305189,X:15354448:15354545:-
FBgn0000028,FBtr0305189,X:15354666:15354764:-
FBgn0000028,FBtr0305189,X:15354922:15371521:-
FBgn0000028,FBtr0305189,X:15371678:15372161:-
FBgn0000028,FBtr0305189,X:15372198:15378198:-
FBgn0000028,FBtr0363590,X:15353157:15353234:-
FBgn0000028,FBtr0363590,X:15353378:15354236:-
FBgn0000028,FBtr0363590,X:15354448:15354545:-
FBgn0000028,FBtr0363590,X:15354666:15354764:-
FBgn0000028,FBtr0363590,X:15354943:15371521:-
FBgn0000028,FBtr0363590,X:15371678:15378198:-
FBgn0000028,FBtr0305189,X:15353157:15353234:-
FBgn0000028,FBtr0305189,X:15353372:15354236:-
FBgn0000028,FBtr0305189,X:15354448:15354545:-
FBgn0000028,FBtr0305189,X:15354666:15354764:-
FBgn0000028,FBtr0305189,X:15354922:15371521:-
FBgn0000028,FBtr0305189,X:15371678:15372161:-
FBgn0000028,FBtr0305189,X:15372198:15378198:-
FBgn0000028,FBtr0359429,X:15353157:15353234:-
FBgn0000028,FBtr0359429,X:15353378:15354236:-
FBgn0000028,FBtr0359429,X:15354448:15354545:-
FBgn0000028,FBtr0359429,X:15354666:15354764:-
FBgn0000028,FBtr0359429,X:15354943:15371521:-
FBgn0000028,FBtr0359429,X:15371678:15378198:-
FBgn0000028,FBtr0305189,X:15353157:15353234:-
FBgn0000028,FBtr0305189,X:15353372:15354236:-
FBgn0000028,FBtr0305189,X:15354448:15354545:-
FBgn0000028,FBtr0305189,X:15354666:15354764:-
FBgn0000028,FBtr0305189,X:15354922:15371521:-
FBgn0000028,FBtr0305189,X:15371678:15372161:-
FBgn0000028,FBtr0305189,X:15372198:15378198:-
FBgn0000028,FBtr0359992,X:15353157:15353234:-
FBgn0000028,FBtr0359992,X:15353378:15354236:-
FBgn0000028,FBtr0359992,X:15354448:15354545:-
FBgn0000028,FBtr0359992,X:15354666:15354764:-
FBgn0000028,FBtr0359992,X:15354943:15378198:-
FBgn0000028,FBtr0305189,X:15353157:15353234:-
FBgn0000028,FBtr0305189,X:15353372:15354236:-
FBgn0000028,FBtr0305189,X:15354448:15354545:-
FBgn0000028,FBtr0305189,X:15354666:15354764:-
FBgn0000028,FBtr0305189,X:15354922:15371521:-
FBgn0000028,FBtr0305189,X:15371678:15372161:-
FBgn0000028,FBtr0305189,X:15372198:15378198:-
FBgn0000028,FBtr0354362,X:15353157:15353234:-
FBgn0000028,FBtr0354362,X:15353372:15354236:-
FBgn0000028,FBtr0354362,X:15354448:15354545:-
FBgn0000028,FBtr0354362,X:15354666:15354764:-
FBgn0000028,FBtr0354362,X:15354943:15378198:-
FBgn0000028,FBtr0100326,X:15353157:15353234:-
FBgn0000028,FBtr0100326,X:15353372:15354236:-
FBgn0000028,FBtr0100326,X:15354448:15354545:-
FBgn0000028,FBtr0100326,X:15354666:15354764:-
FBgn0000028,FBtr0100326,X:15354922:15371521:-
FBgn0000028,FBtr0100326,X:15371678:15378198:-
FBgn0000028,FBtr0359992,X:15353157:15353234:-
FBgn0000028,FBtr0359992,X:15353378:15354236:-
FBgn0000028,FBtr0359992,X:15354448:15354545:-
FBgn0000028,FBtr0359992,X:15354666:15354764:-
FBgn0000028,FBtr0359992,X:15354943:15378198:-
FBgn0000028,FBtr0100326,X:15353157:15353234:-
FBgn0000028,FBtr0100326,X:15353372:15354236:-
FBgn0000028,FBtr0100326,X:15354448:15354545:-
FBgn0000028,FBtr0100326,X:15354666:15354764:-
FBgn0000028,FBtr0100326,X:15354922:15371521:-
FBgn0000028,FBtr0100326,X:15371678:15378198:-
FBgn0000028,FBtr0363590,X:15353157:15353234:-
FBgn0000028,FBtr0363590,X:15353378:15354236:-
FBgn0000028,FBtr0363590,X:15354448:15354545:-
FBgn0000028,FBtr0363590,X:15354666:15354764:-
FBgn0000028,FBtr0363590,X:15354943:15371521:-
FBgn0000028,FBtr0363590,X:15371678:15378198:-
FBgn0000028,FBtr0305189,X:15353157:15353234:-
FBgn0000028,FBtr0305189,X:15353372:15354236:-
FBgn0000028,FBtr0305189,X:15354448:15354545:-
FBgn0000028,FBtr0305189,X:15354666:15354764:-
FBgn0000028,FBtr0305189,X:15354922:15371521:-
FBgn0000028,FBtr0305189,X:15371678:15372161:-
FBgn0000028,FBtr0305189,X:15372198:15378198:-
FBgn0000028,FBtr0362039,X:15353157:15353234:-
FBgn0000028,FBtr0362039,X:15353372:15354236:-
FBgn0000028,FBtr0362039,X:15354448:15354545:-
FBgn0000028,FBtr0362039,X:15354666:15354764:-
FBgn0000028,FBtr0362039,X:15354943:15371521:-
FBgn0000028,FBtr0362039,X:15371678:15378198:-
FBgn0000028,FBtr0305189,X:15353157:15353234:-
FBgn0000028,FBtr0305189,X:15353372:15354236:-
FBgn0000028,FBtr0305189,X:15354448:15354545:-
FBgn0000028,FBtr0305189,X:15354666:15354764:-
FBgn0000028,FBtr0305189,X:15354922:15371521:-
FBgn0000028,FBtr0305189,X:15371678:15372161:-
FBgn0000028,FBtr0305189,X:15372198:15378198:-
FBgn0000028,FBtr0364108,X:15353157:15353234:-
FBgn0000028,FBtr0364108,X:15353372:15354236:-
FBgn0000028,FBtr0364108,X:15354448:15354545:-
FBgn0000028,FBtr0364108,X:15354666:15354764:-
FBgn0000028,FBtr0364108,X:15354943:15371521:-
FBgn0000028,FBtr0364108,X:15371678:15378198:-
FBgn0000028,FBtr0305196,X:15353157:15353234:-
FBgn0000028,FBtr0305196,X:15353378:15354236:-
FBgn0000028,FBtr0305196,X:15354448:15354545:-
FBgn0000028,FBtr0305196,X:15354666:15354764:-
FBgn0000028,FBtr0305196,X:15354922:15371521:-
FBgn0000028,FBtr0305196,X:15371678:15378198:-
FBgn0000028,FBtr0359992,X:15353157:15353234:-
FBgn0000028,FBtr0359992,X:15353378:15354236:-
FBgn0000028,FBtr0359992,X:15354448:15354545:-
FBgn0000028,FBtr0359992,X:15354666:15354764:-
FBgn0000028,FBtr0359992,X:15354943:15378198:-
FBgn0000028,FBtr0305196,X:15353157:15353234:-
FBgn0000028,FBtr0305196,X:15353378:15354236:-
FBgn0000028,FBtr0305196,X:15354448:15354545:-
FBgn0000028,FBtr0305196,X:15354666:15354764:-
FBgn0000028,FBtr0305196,X:15354922:15371521:-
FBgn0000028,FBtr0305196,X:15371678:15378198:-
FBgn0000028,FBtr0364108,X:15353157:15353234:-
FBgn0000028,FBtr0364108,X:15353372:15354236:-
FBgn0000028,FBtr0364108,X:15354448:15354545:-
FBgn0000028,FBtr0364108,X:15354666:15354764:-
FBgn0000028,FBtr0364108,X:15354943:15371521:-
FBgn0000028,FBtr0364108,X:15371678:15378198:-
FBgn0000028,FBtr0100326,X:15353157:15353234:-
FBgn0000028,FBtr0100326,X:15353372:15354236:-
FBgn0000028,FBtr0100326,X:15354448:15354545:-
FBgn0000028,FBtr0100326,X:15354666:15354764:-
FBgn0000028,FBtr0100326,X:15354922:15371521:-
FBgn0000028,FBtr0100326,X:15371678:15378198:-
FBgn0000028,FBtr0362039,X:15353157:15353234:-
FBgn0000028,FBtr0362039,X:15353372:15354236:-
FBgn0000028,FBtr0362039,X:15354448:15354545:-
FBgn0000028,FBtr0362039,X:15354666:15354764:-
FBgn0000028,FBtr0362039,X:15354943:15371521:-
FBgn0000028,FBtr0362039,X:15371678:15378198:-
FBgn0000028,FBtr0100326,X:15353157:15353234:-
FBgn0000028,FBtr0100326,X:15353372:15354236:-
FBgn0000028,FBtr0100326,X:15354448:15354545:-
FBgn0000028,FBtr0100326,X:15354666:15354764:-
FBgn0000028,FBtr0100326,X:15354922:15371521:-
FBgn0000028,FBtr0100326,X:15371678:15378198:-
FBgn0000028,FBtr0364108,X:15353157:15353234:-
FBgn0000028,FBtr0364108,X:15353372:15354236:-
FBgn0000028,FBtr0364108,X:15354448:15354545:-
FBgn0000028,FBtr0364108,X:15354666:15354764:-
FBgn0000028,FBtr0364108,X:15354943:15371521:-
FBgn0000028,FBtr0364108,X:15371678:15378198:-
FBgn0000028,FBtr0100326,X:15353157:15353234:-
FBgn0000028,FBtr0100326,X:15353372:15354236:-
FBgn0000028,FBtr0100326,X:15354448:15354545:-
FBgn0000028,FBtr0100326,X:15354666:15354764:-
FBgn0000028,FBtr0100326,X:15354922:15371521:-
FBgn0000028,FBtr0100326,X:15371678:15378198:-
FBgn0000028,FBtr0359429,X:15353157:15353234:-
FBgn0000028,FBtr0359429,X:15353378:15354236:-
FBgn0000028,FBtr0359429,X:15354448:15354545:-
FBgn0000028,FBtr0359429,X:15354666:15354764:-
FBgn0000028,FBtr0359429,X:15354943:15371521:-
FBgn0000028,FBtr0359429,X:15371678:15378198:-
FBgn0000028,FBtr0100326,X:15353157:15353234:-
FBgn0000028,FBtr0100326,X:15353372:15354236:-
FBgn0000028,FBtr0100326,X:15354448:15354545:-
FBgn0000028,FBtr0100326,X:15354666:15354764:-
FBgn0000028,FBtr0100326,X:15354922:15371521:-
FBgn0000028,FBtr0100326,X:15371678:15378198:-
FBgn0000028,FBtr0354362,X:15353157:15353234:-
FBgn0000028,FBtr0354362,X:15353372:15354236:-
FBgn0000028,FBtr0354362,X:15354448:15354545:-
FBgn0000028,FBtr0354362,X:15354666:15354764:-
FBgn0000028,FBtr0354362,X:15354943:15378198:-
FBgn0000028,FBtr0305196,X:15353157:15353234:-
FBgn0000028,FBtr0305196,X:15353378:15354236:-
FBgn0000028,FBtr0305196,X:15354448:15354545:-
FBgn0000028,FBtr0305196,X:15354666:15354764:-
FBgn0000028,FBtr0305196,X:15354922:15371521:-
FBgn0000028,FBtr0305196,X:15371678:15378198:-
FBgn0000028,FBtr0363590,X:15353157:15353234:-
FBgn0000028,FBtr0363590,X:15353378:15354236:-
FBgn0000028,FBtr0363590,X:15354448:15354545:-
FBgn0000028,FBtr0363590,X:15354666:15354764:-
FBgn0000028,FBtr0363590,X:15354943:15371521:-
FBgn0000028,FBtr0363590,X:15371678:15378198:-
FBgn0000028,FBtr0305196,X:15353157:15353234:-
FBgn0000028,FBtr0305196,X:15353378:15354236:-
FBgn0000028,FBtr0305196,X:15354448:15354545:-
FBgn0000028,FBtr0305196,X:15354666:15354764:-
FBgn0000028,FBtr0305196,X:15354922:15371521:-
FBgn0000028,FBtr0305196,X:15371678:15378198:-
FBgn0000028,FBtr0359429,X:15353157:15353234:-
FBgn0000028,FBtr0359429,X:15353378:15354236:-
FBgn0000028,FBtr0359429,X:15354448:15354545:-
FBgn0000028,FBtr0359429,X:15354666:15354764:-
FBgn0000028,FBtr0359429,X:15354943:15371521:-
FBgn0000028,FBtr0359429,X:15371678:15378198:-
FBgn0000028,FBtr0305196,X:15353157:15353234:-
FBgn0000028,FBtr0305196,X:15353378:15354236:-
FBgn0000028,FBtr0305196,X:15354448:15354545:-
FBgn0000028,FBtr0305196,X:15354666:15354764:-
FBgn0000028,FBtr0305196,X:15354922:15371521:-
FBgn0000028,FBtr0305196,X:15371678:15378198:-
FBgn0000028,FBtr0362039,X:15353157:15353234:-
FBgn0000028,FBtr0362039,X:15353372:15354236:-
FBgn0000028,FBtr0362039,X:15354448:15354545:-
FBgn0000028,FBtr0362039,X:15354666:15354764:-
FBgn0000028,FBtr0362039,X:15354943:15371521:-
FBgn0000028,FBtr0362039,X:15371678:15378198:-
FBgn0000028,FBtr0305196,X:15353157:15353234:-
FBgn0000028,FBtr0305196,X:15353378:15354236:-
FBgn0000028,FBtr0305196,X:15354448:15354545:-
FBgn0000028,FBtr0305196,X:15354666:15354764:-
FBgn0000028,FBtr0305196,X:15354922:15371521:-
FBgn0000028,FBtr0305196,X:15371678:15378198:-
FBgn0000028,FBtr0354362,X:15353157:15353234:-
FBgn0000028,FBtr0354362,X:15353372:15354236:-
FBgn0000028,FBtr0354362,X:15354448:15354545:-
FBgn0000028,FBtr0354362,X:15354666:15354764:-
FBgn0000028,FBtr0354362,X:15354943:15378198:-
FBgn0000028,FBtr0305193,X:15353157:15353234:-
FBgn0000028,FBtr0305193,X:15353378:15354236:-
FBgn0000028,FBtr0305193,X:15354448:15354545:-
FBgn0000028,FBtr0305193,X:15354666:15354764:-
FBgn0000028,FBtr0305193,X:15354922:15371521:-
FBgn0000028,FBtr0305193,X:15371678:15378198:-
FBgn0000028,FBtr0359992,X:15353157:15353234:-
FBgn0000028,FBtr0359992,X:15353378:15354236:-
FBgn0000028,FBtr0359992,X:15354448:15354545:-
FBgn0000028,FBtr0359992,X:15354666:15354764:-
FBgn0000028,FBtr0359992,X:15354943:15378198:-
FBgn0000028,FBtr0305193,X:15353157:15353234:-
FBgn0000028,FBtr0305193,X:15353378:15354236:-
FBgn0000028,FBtr0305193,X:15354448:15354545:-
FBgn0000028,FBtr0305193,X:15354666:15354764:-
FBgn0000028,FBtr0305193,X:15354922:15371521:-
FBgn0000028,FBtr0305193,X:15371678:15378198:-
FBgn0000028,FBtr0359429,X:15353157:15353234:-
FBgn0000028,FBtr0359429,X:15353378:15354236:-
FBgn0000028,FBtr0359429,X:15354448:15354545:-
FBgn0000028,FBtr0359429,X:15354666:15354764:-
FBgn0000028,FBtr0359429,X:15354943:15371521:-
FBgn0000028,FBtr0359429,X:15371678:15378198:-
FBgn0000028,FBtr0305193,X:15353157:15353234:-
FBgn0000028,FBtr0305193,X:15353378:15354236:-
FBgn0000028,FBtr0305193,X:15354448:15354545:-
FBgn0000028,FBtr0305193,X:15354666:15354764:-
FBgn0000028,FBtr0305193,X:15354922:15371521:-
FBgn0000028,FBtr0305193,X:15371678:15378198:-
FBgn0000028,FBtr0364108,X:15353157:15353234:-
FBgn0000028,FBtr0364108,X:15353372:15354236:-
FBgn0000028,FBtr0364108,X:15354448:15354545:-
FBgn0000028,FBtr0364108,X:15354666:15354764:-
FBgn0000028,FBtr0364108,X:15354943:15371521:-
FBgn0000028,FBtr0364108,X:15371678:15378198:-
FBgn0000028,FBtr0305193,X:15353157:15353234:-
FBgn0000028,FBtr0305193,X:15353378:15354236:-
FBgn0000028,FBtr0305193,X:15354448:15354545:-
FBgn0000028,FBtr0305193,X:15354666:15354764:-
FBgn0000028,FBtr0305193,X:15354922:15371521:-
FBgn0000028,FBtr0305193,X:15371678:15378198:-
FBgn0000028,FBtr0363590,X:15353157:15353234:-
FBgn0000028,FBtr0363590,X:15353378:15354236:-
FBgn0000028,FBtr0363590,X:15354448:15354545:-
FBgn0000028,FBtr0363590,X:15354666:15354764:-
FBgn0000028,FBtr0363590,X:15354943:15371521:-
FBgn0000028,FBtr0363590,X:15371678:15378198:-
FBgn0000028,FBtr0305193,X:15353157:15353234:-
FBgn0000028,FBtr0305193,X:15353378:15354236:-
FBgn0000028,FBtr0305193,X:15354448:15354545:-
FBgn0000028,FBtr0305193,X:15354666:15354764:-
FBgn0000028,FBtr0305193,X:15354922:15371521:-
FBgn0000028,FBtr0305193,X:15371678:15378198:-
FBgn0000028,FBtr0354362,X:15353157:15353234:-
FBgn0000028,FBtr0354362,X:15353372:15354236:-
FBgn0000028,FBtr0354362,X:15354448:15354545:-
FBgn0000028,FBtr0354362,X:15354666:15354764:-
FBgn0000028,FBtr0354362,X:15354943:15378198:-
FBgn0000028,FBtr0074015,X:15353157:15353234:-
FBgn0000028,FBtr0074015,X:15353378:15354236:-
FBgn0000028,FBtr0074015,X:15354448:15354545:-
FBgn0000028,FBtr0074015,X:15354666:15354764:-
FBgn0000028,FBtr0074015,X:15354943:15371521:-
FBgn0000028,FBtr0074015,X:15371678:15372161:-
FBgn0000028,FBtr0074015,X:15372198:15378198:-
FBgn0000028,FBtr0359992,X:15353157:15353234:-
FBgn0000028,FBtr0359992,X:15353378:15354236:-
FBgn0000028,FBtr0359992,X:15354448:15354545:-
FBgn0000028,FBtr0359992,X:15354666:15354764:-
FBgn0000028,FBtr0359992,X:15354943:15378198:-
FBgn0000028,FBtr0305193,X:15353157:15353234:-
FBgn0000028,FBtr0305193,X:15353378:15354236:-
FBgn0000028,FBtr0305193,X:15354448:15354545:-
FBgn0000028,FBtr0305193,X:15354666:15354764:-
FBgn0000028,FBtr0305193,X:15354922:15371521:-
FBgn0000028,FBtr0305193,X:15371678:15378198:-
FBgn0000028,FBtr0362039,X:15353157:15353234:-
FBgn0000028,FBtr0362039,X:15353372:15354236:-
FBgn0000028,FBtr0362039,X:15354448:15354545:-
FBgn0000028,FBtr0362039,X:15354666:15354764:-
FBgn0000028,FBtr0362039,X:15354943:15371521:-
FBgn0000028,FBtr0362039,X:15371678:15378198:-
FBgn0000028,FBtr0074015,X:15353157:15353234:-
FBgn0000028,FBtr0074015,X:15353378:15354236:-
FBgn0000028,FBtr0074015,X:15354448:15354545:-
FBgn0000028,FBtr0074015,X:15354666:15354764:-
FBgn0000028,FBtr0074015,X:15354943:15371521:-
FBgn0000028,FBtr0074015,X:15371678:15372161:-
FBgn0000028,FBtr0074015,X:15372198:15378198:-
FBgn0000028,FBtr0363590,X:15353157:15353234:-
FBgn0000028,FBtr0363590,X:15353378:15354236:-
FBgn0000028,FBtr0363590,X:15354448:15354545:-
FBgn0000028,FBtr0363590,X:15354666:15354764:-
FBgn0000028,FBtr0363590,X:15354943:15371521:-
FBgn0000028,FBtr0363590,X:15371678:15378198:-
FBgn0000028,FBtr0074015,X:15353157:15353234:-
FBgn0000028,FBtr0074015,X:15353378:15354236:-
FBgn0000028,FBtr0074015,X:15354448:15354545:-
FBgn0000028,FBtr0074015,X:15354666:15354764:-
FBgn0000028,FBtr0074015,X:15354943:15371521:-
FBgn0000028,FBtr0074015,X:15371678:15372161:-
FBgn0000028,FBtr0074015,X:15372198:15378198:-
FBgn0000028,FBtr0359429,X:15353157:15353234:-
FBgn0000028,FBtr0359429,X:15353378:15354236:-
FBgn0000028,FBtr0359429,X:15354448:15354545:-
FBgn0000028,FBtr0359429,X:15354666:15354764:-
FBgn0000028,FBtr0359429,X:15354943:15371521:-
FBgn0000028,FBtr0359429,X:15371678:15378198:-
FBgn0000028,FBtr0305194,X:15353157:15353234:-
FBgn0000028,FBtr0305194,X:15353372:15354236:-
FBgn0000028,FBtr0305194,X:15354448:15354545:-
FBgn0000028,FBtr0305194,X:15354666:15354764:-
FBgn0000028,FBtr0305194,X:15354922:15371521:-
FBgn0000028,FBtr0305194,X:15371678:15378198:-
FBgn0000028,FBtr0363590,X:15353157:15353234:-
FBgn0000028,FBtr0363590,X:15353378:15354236:-
FBgn0000028,FBtr0363590,X:15354448:15354545:-
FBgn0000028,FBtr0363590,X:15354666:15354764:-
FBgn0000028,FBtr0363590,X:15354943:15371521:-
FBgn0000028,FBtr0363590,X:15371678:15378198:-
FBgn0000028,FBtr0074015,X:15353157:15353234:-
FBgn0000028,FBtr0074015,X:15353378:15354236:-
FBgn0000028,FBtr0074015,X:15354448:15354545:-
FBgn0000028,FBtr0074015,X:15354666:15354764:-
FBgn0000028,FBtr0074015,X:15354943:15371521:-
FBgn0000028,FBtr0074015,X:15371678:15372161:-
FBgn0000028,FBtr0074015,X:15372198:15378198:-
FBgn0000028,FBtr0364108,X:15353157:15353234:-
FBgn0000028,FBtr0364108,X:15353372:15354236:-
FBgn0000028,FBtr0364108,X:15354448:15354545:-
FBgn0000028,FBtr0364108,X:15354666:15354764:-
FBgn0000028,FBtr0364108,X:15354943:15371521:-
FBgn0000028,FBtr0364108,X:15371678:15378198:-
FBgn0000028,FBtr0074015,X:15353157:15353234:-
FBgn0000028,FBtr0074015,X:15353378:15354236:-
FBgn0000028,FBtr0074015,X:15354448:15354545:-
FBgn0000028,FBtr0074015,X:15354666:15354764:-
FBgn0000028,FBtr0074015,X:15354943:15371521:-
FBgn0000028,FBtr0074015,X:15371678:15372161:-
FBgn0000028,FBtr0074015,X:15372198:15378198:-
FBgn0000028,FBtr0354362,X:15353157:15353234:-
FBgn0000028,FBtr0354362,X:15353372:15354236:-
FBgn0000028,FBtr0354362,X:15354448:15354545:-
FBgn0000028,FBtr0354362,X:15354666:15354764:-
FBgn0000028,FBtr0354362,X:15354943:15378198:-
FBgn0000028,FBtr0074015,X:15353157:15353234:-
FBgn0000028,FBtr0074015,X:15353378:15354236:-
FBgn0000028,FBtr0074015,X:15354448:15354545:-
FBgn0000028,FBtr0074015,X:15354666:15354764:-
FBgn0000028,FBtr0074015,X:15354943:15371521:-
FBgn0000028,FBtr0074015,X:15371678:15372161:-
FBgn0000028,FBtr0074015,X:15372198:15378198:-
FBgn0000028,FBtr0362039,X:15353157:15353234:-
FBgn0000028,FBtr0362039,X:15353372:15354236:-
FBgn0000028,FBtr0362039,X:15354448:15354545:-
FBgn0000028,FBtr0362039,X:15354666:15354764:-
FBgn0000028,FBtr0362039,X:15354943:15371521:-
FBgn0000028,FBtr0362039,X:15371678:15378198:-
FBgn0000028,FBtr0305194,X:15353157:15353234:-
FBgn0000028,FBtr0305194,X:15353372:15354236:-
FBgn0000028,FBtr0305194,X:15354448:15354545:-
FBgn0000028,FBtr0305194,X:15354666:15354764:-
FBgn0000028,FBtr0305194,X:15354922:15371521:-
FBgn0000028,FBtr0305194,X:15371678:15378198:-
FBgn0000028,FBtr0359992,X:15353157:15353234:-
FBgn0000028,FBtr0359992,X:15353378:15354236:-
FBgn0000028,FBtr0359992,X:15354448:15354545:-
FBgn0000028,FBtr0359992,X:15354666:15354764:-
FBgn0000028,FBtr0359992,X:15354943:15378198:-
FBgn0000028,FBtr0305194,X:15353157:15353234:-
FBgn0000028,FBtr0305194,X:15353372:15354236:-
FBgn0000028,FBtr0305194,X:15354448:15354545:-
FBgn0000028,FBtr0305194,X:15354666:15354764:-
FBgn0000028,FBtr0305194,X:15354922:15371521:-
FBgn0000028,FBtr0305194,X:15371678:15378198:-
FBgn0000028,FBtr0359429,X:15353157:15353234:-
FBgn0000028,FBtr0359429,X:15353378:15354236:-
FBgn0000028,FBtr0359429,X:15354448:15354545:-
FBgn0000028,FBtr0359429,X:15354666:15354764:-
FBgn0000028,FBtr0359429,X:15354943:15371521:-
FBgn0000028,FBtr0359429,X:15371678:15378198:-
FBgn0000028,FBtr0305194,X:15353157:15353234:-
FBgn0000028,FBtr0305194,X:15353372:15354236:-
FBgn0000028,FBtr0305194,X:15354448:15354545:-
FBgn0000028,FBtr0305194,X:15354666:15354764:-
FBgn0000028,FBtr0305194,X:15354922:15371521:-
FBgn0000028,FBtr0305194,X:15371678:15378198:-
FBgn0000028,FBtr0364108,X:15353157:15353234:-
FBgn0000028,FBtr0364108,X:15353372:15354236:-
FBgn0000028,FBtr0364108,X:15354448:15354545:-
FBgn0000028,FBtr0364108,X:15354666:15354764:-
FBgn0000028,FBtr0364108,X:15354943:15371521:-
FBgn0000028,FBtr0364108,X:15371678:15378198:-
FBgn0000028,FBtr0305194,X:15353157:15353234:-
FBgn0000028,FBtr0305194,X:15353372:15354236:-
FBgn0000028,FBtr0305194,X:15354448:15354545:-
FBgn0000028,FBtr0305194,X:15354666:15354764:-
FBgn0000028,FBtr0305194,X:15354922:15371521:-
FBgn0000028,FBtr0305194,X:15371678:15378198:-
FBgn0000028,FBtr0362039,X:15353157:15353234:-
FBgn0000028,FBtr0362039,X:15353372:15354236:-
FBgn0000028,FBtr0362039,X:15354448:15354545:-
FBgn0000028,FBtr0362039,X:15354666:15354764:-
FBgn0000028,FBtr0362039,X:15354943:15371521:-
FBgn0000028,FBtr0362039,X:15371678:15378198:-
FBgn0000028,FBtr0305194,X:15353157:15353234:-
FBgn0000028,FBtr0305194,X:15353372:15354236:-
FBgn0000028,FBtr0305194,X:15354448:15354545:-
FBgn0000028,FBtr0305194,X:15354666:15354764:-
FBgn0000028,FBtr0305194,X:15354922:15371521:-
FBgn0000028,FBtr0305194,X:15371678:15378198:-
FBgn0000028,FBtr0354362,X:15353157:15353234:-
FBgn0000028,FBtr0354362,X:15353372:15354236:-
FBgn0000028,FBtr0354362,X:15354448:15354545:-
FBgn0000028,FBtr0354362,X:15354666:15354764:-
FBgn0000028,FBtr0354362,X:15354943:15378198:-
FBgn0000028,FBtr0305191,X:15351948:15352343:-
FBgn0000028,FBtr0305191,X:15353157:15353234:-
FBgn0000028,FBtr0305191,X:15353378:15354236:-
FBgn0000028,FBtr0305191,X:15354448:15354545:-
FBgn0000028,FBtr0305191,X:15354666:15354764:-
FBgn0000028,FBtr0305191,X:15354943:15378198:-
FBgn0000028,FBtr0359992,X:15353157:15353234:-
FBgn0000028,FBtr0359992,X:15353378:15354236:-
FBgn0000028,FBtr0359992,X:15354448:15354545:-
FBgn0000028,FBtr0359992,X:15354666:15354764:-
FBgn0000028,FBtr0359992,X:15354943:15378198:-
FBgn0000028,FBtr0305191,X:15351948:15352343:-
FBgn0000028,FBtr0305191,X:15353157:15353234:-
FBgn0000028,FBtr0305191,X:15353378:15354236:-
FBgn0000028,FBtr0305191,X:15354448:15354545:-
FBgn0000028,FBtr0305191,X:15354666:15354764:-
FBgn0000028,FBtr0305191,X:15354943:15378198:-
FBgn0000028,FBtr0359429,X:15353157:15353234:-
FBgn0000028,FBtr0359429,X:15353378:15354236:-
FBgn0000028,FBtr0359429,X:15354448:15354545:-
FBgn0000028,FBtr0359429,X:15354666:15354764:-
FBgn0000028,FBtr0359429,X:15354943:15371521:-
FBgn0000028,FBtr0359429,X:15371678:15378198:-
FBgn0000028,FBtr0305191,X:15351948:15352343:-
FBgn0000028,FBtr0305191,X:15353157:15353234:-
FBgn0000028,FBtr0305191,X:15353378:15354236:-
FBgn0000028,FBtr0305191,X:15354448:15354545:-
FBgn0000028,FBtr0305191,X:15354666:15354764:-
FBgn0000028,FBtr0305191,X:15354943:15378198:-
FBgn0000028,FBtr0363590,X:15353157:15353234:-
FBgn0000028,FBtr0363590,X:15353378:15354236:-
FBgn0000028,FBtr0363590,X:15354448:15354545:-
FBgn0000028,FBtr0363590,X:15354666:15354764:-
FBgn0000028,FBtr0363590,X:15354943:15371521:-
FBgn0000028,FBtr0363590,X:15371678:15378198:-
FBgn0000028,FBtr0305195,X:15353157:15353234:-
FBgn0000028,FBtr0305195,X:15353372:15354236:-
FBgn0000028,FBtr0305195,X:15354448:15354545:-
FBgn0000028,FBtr0305195,X:15354666:15354764:-
FBgn0000028,FBtr0305195,X:15354943:15371521:-
FBgn0000028,FBtr0305195,X:15371678:15378198:-
FBgn0000028,FBtr0362039,X:15353157:15353234:-
FBgn0000028,FBtr0362039,X:15353372:15354236:-
FBgn0000028,FBtr0362039,X:15354448:15354545:-
FBgn0000028,FBtr0362039,X:15354666:15354764:-
FBgn0000028,FBtr0362039,X:15354943:15371521:-
FBgn0000028,FBtr0362039,X:15371678:15378198:-
FBgn0000028,FBtr0305195,X:15353157:15353234:-
FBgn0000028,FBtr0305195,X:15353372:15354236:-
FBgn0000028,FBtr0305195,X:15354448:15354545:-
FBgn0000028,FBtr0305195,X:15354666:15354764:-
FBgn0000028,FBtr0305195,X:15354943:15371521:-
FBgn0000028,FBtr0305195,X:15371678:15378198:-
FBgn0000028,FBtr0364108,X:15353157:15353234:-
FBgn0000028,FBtr0364108,X:15353372:15354236:-
FBgn0000028,FBtr0364108,X:15354448:15354545:-
FBgn0000028,FBtr0364108,X:15354666:15354764:-
FBgn0000028,FBtr0364108,X:15354943:15371521:-
FBgn0000028,FBtr0364108,X:15371678:15378198:-
FBgn0000028,FBtr0305191,X:15351948:15352343:-
FBgn0000028,FBtr0305191,X:15353157:15353234:-
FBgn0000028,FBtr0305191,X:15353378:15354236:-
FBgn0000028,FBtr0305191,X:15354448:15354545:-
FBgn0000028,FBtr0305191,X:15354666:15354764:-
FBgn0000028,FBtr0305191,X:15354943:15378198:-
FBgn0000028,FBtr0362039,X:15353157:15353234:-
FBgn0000028,FBtr0362039,X:15353372:15354236:-
FBgn0000028,FBtr0362039,X:15354448:15354545:-
FBgn0000028,FBtr0362039,X:15354666:15354764:-
FBgn0000028,FBtr0362039,X:15354943:15371521:-
FBgn0000028,FBtr0362039,X:15371678:15378198:-
FBgn0000032,FBtr0085610,3R:29991683:29991763:-
FBgn0000032,FBtr0085610,3R:29992002:29992092:-
FBgn0000032,FBtr0085610,3R:29992762:29992995:-
FBgn0000032,FBtr0353386,3R:29991683:29991763:-
FBgn0000032,FBtr0353386,3R:29992002:29992092:-
FBgn0000032,FBtr0353386,3R:29992762:29992995:-
FBgn0000028,FBtr0305195,X:15353157:15353234:-
FBgn0000028,FBtr0305195,X:15353372:15354236:-
FBgn0000028,FBtr0305195,X:15354448:15354545:-
FBgn0000028,FBtr0305195,X:15354666:15354764:-
FBgn0000028,FBtr0305195,X:15354943:15371521:-
FBgn0000028,FBtr0305195,X:15371678:15378198:-
FBgn0000028,FBtr0363590,X:15353157:15353234:-
FBgn0000028,FBtr0363590,X:15353378:15354236:-
FBgn0000028,FBtr0363590,X:15354448:15354545:-
FBgn0000028,FBtr0363590,X:15354666:15354764:-
FBgn0000028,FBtr0363590,X:15354943:15371521:-
FBgn0000028,FBtr0363590,X:15371678:15378198:-
FBgn0000028,FBtr0305191,X:15351948:15352343:-
FBgn0000028,FBtr0305191,X:15353157:15353234:-
FBgn0000028,FBtr0305191,X:15353378:15354236:-
FBgn0000028,FBtr0305191,X:15354448:15354545:-
FBgn0000028,FBtr0305191,X:15354666:15354764:-
FBgn0000028,FBtr0305191,X:15354943:15378198:-
FBgn0000028,FBtr0364108,X:15353157:15353234:-
FBgn0000028,FBtr0364108,X:15353372:15354236:-
FBgn0000028,FBtr0364108,X:15354448:15354545:-
FBgn0000028,FBtr0364108,X:15354666:15354764:-
FBgn0000028,FBtr0364108,X:15354943:15371521:-
FBgn0000028,FBtr0364108,X:15371678:15378198:-
FBgn0000028,FBtr0305191,X:15351948:15352343:-
FBgn0000028,FBtr0305191,X:15353157:15353234:-
FBgn0000028,FBtr0305191,X:15353378:15354236:-
FBgn0000028,FBtr0305191,X:15354448:15354545:-
FBgn0000028,FBtr0305191,X:15354666:15354764:-
FBgn0000028,FBtr0305191,X:15354943:15378198:-
FBgn0000028,FBtr0354362,X:15353157:15353234:-
FBgn0000028,FBtr0354362,X:15353372:15354236:-
FBgn0000028,FBtr0354362,X:15354448:15354545:-
FBgn0000028,FBtr0354362,X:15354666:15354764:-
FBgn0000028,FBtr0354362,X:15354943:15378198:-
FBgn0000028,FBtr0305195,X:15353157:15353234:-
FBgn0000028,FBtr0305195,X:15353372:15354236:-
FBgn0000028,FBtr0305195,X:15354448:15354545:-
FBgn0000028,FBtr0305195,X:15354666:15354764:-
FBgn0000028,FBtr0305195,X:15354943:15371521:-
FBgn0000028,FBtr0305195,X:15371678:15378198:-
FBgn0000028,FBtr0359992,X:15353157:15353234:-
FBgn0000028,FBtr0359992,X:15353378:15354236:-
FBgn0000028,FBtr0359992,X:15354448:15354545:-
FBgn0000028,FBtr0359992,X:15354666:15354764:-
FBgn0000028,FBtr0359992,X:15354943:15378198:-
FBgn0000028,FBtr0305195,X:15353157:15353234:-
FBgn0000028,FBtr0305195,X:15353372:15354236:-
FBgn0000028,FBtr0305195,X:15354448:15354545:-
FBgn0000028,FBtr0305195,X:15354666:15354764:-
FBgn0000028,FBtr0305195,X:15354943:15371521:-
FBgn0000028,FBtr0305195,X:15371678:15378198:-
FBgn0000028,FBtr0359429,X:15353157:15353234:-
FBgn0000028,FBtr0359429,X:15353378:15354236:-
FBgn0000028,FBtr0359429,X:15354448:15354545:-
FBgn0000028,FBtr0359429,X:15354666:15354764:-
FBgn0000028,FBtr0359429,X:15354943:15371521:-
FBgn0000028,FBtr0359429,X:15371678:15378198:-
FBgn0000028,FBtr0305195,X:15353157:15353234:-
FBgn0000028,FBtr0305195,X:15353372:15354236:-
FBgn0000028,FBtr0305195,X:15354448:15354545:-
FBgn0000028,FBtr0305195,X:15354666:15354764:-
FBgn0000028,FBtr0305195,X:15354943:15371521:-
FBgn0000028,FBtr0305195,X:15371678:15378198:-
FBgn0000028,FBtr0354362,X:15353157:15353234:-
FBgn0000028,FBtr0354362,X:15353372:15354236:-
FBgn0000028,FBtr0354362,X:15354448:15354545:-
FBgn0000028,FBtr0354362,X:15354666:15354764:-
FBgn0000028,FBtr0354362,X:15354943:15378198:-
FBgn0000032,FBtr0085609,3R:29991683:29991763:-
FBgn0000032,FBtr0085609,3R:29992002:29992092:-
FBgn0000032,FBtr0085609,3R:29992762:29992838:-
FBgn0000032,FBtr0085609,3R:29992917:29993271:-
FBgn0000032,FBtr0362500,3R:29991683:29991763:-
FBgn0000032,FBtr0362500,3R:29992002:29992092:-
FBgn0000032,FBtr0362500,3R:29992762:29992838:-
FBgn0000032,FBtr0362500,3R:29992917:29993271:-
FBgn0000032,FBtr0085610,3R:29991683:29991763:-
FBgn0000032,FBtr0085610,3R:29992002:29992092:-
FBgn0000032,FBtr0085610,3R:29992762:29992995:-
FBgn0000032,FBtr0362500,3R:29991683:29991763:-
FBgn0000032,FBtr0362500,3R:29992002:29992092:-
FBgn0000032,FBtr0362500,3R:29992762:29992838:-
FBgn0000032,FBtr0362500,3R:29992917:29993271:-
FBgn0000038,FBtr0073299,3L:4429492:4429575:+
FBgn0000038,FBtr0073299,3L:4429705:4432395:+
FBgn0000038,FBtr0073299,3L:4432512:4433314:+
FBgn0000038,FBtr0073299,3L:4433449:4433624:+
FBgn0000038,FBtr0073299,3L:4434049:4435184:+
FBgn0000038,FBtr0349242,3L:4429492:4429575:+
FBgn0000038,FBtr0349242,3L:4429705:4432395:+
FBgn0000038,FBtr0349242,3L:4432512:4433314:+
FBgn0000038,FBtr0349242,3L:4433449:4433624:+
FBgn0000038,FBtr0349242,3L:4434049:4435184:+
FBgn0000036,FBtr0084619,3R:24401935:24403224:-
FBgn0000036,FBtr0084619,3R:24403500:24404691:-
FBgn0000036,FBtr0084619,3R:24404883:24404978:-
FBgn0000036,FBtr0084619,3R:24405419:24407327:-
FBgn0000036,FBtr0084619,3R:24407488:24412517:-
FBgn0000036,FBtr0084619,3R:24412607:24414856:-
FBgn0000036,FBtr0084619,3R:24414881:24421704:-
FBgn0000036,FBtr0084619,3R:24421894:24456444:-
FBgn0000036,FBtr0358979,3R:24401935:24403224:-
FBgn0000036,FBtr0358979,3R:24403500:24404691:-
FBgn0000036,FBtr0358979,3R:24404883:24404978:-
FBgn0000036,FBtr0358979,3R:24405419:24407327:-
FBgn0000036,FBtr0358979,3R:24407488:24412517:-
FBgn0000036,FBtr0358979,3R:24412607:24414856:-
FBgn0000036,FBtr0358979,3R:24414881:24451904:-
FBgn0000032,FBtr0085609,3R:29991683:29991763:-
FBgn0000032,FBtr0085609,3R:29992002:29992092:-
FBgn0000032,FBtr0085609,3R:29992762:29992838:-
FBgn0000032,FBtr0085609,3R:29992917:29993271:-
FBgn0000032,FBtr0353386,3R:29991683:29991763:-
FBgn0000032,FBtr0353386,3R:29992002:29992092:-
FBgn0000032,FBtr0353386,3R:29992762:29992995:-
FBgn0000039,FBtr0084639,3R:24486190:24487140:+
FBgn0000039,FBtr0084639,3R:24487275:24487432:+
FBgn0000039,FBtr0084639,3R:24487593:24488461:+
FBgn0000039,FBtr0084639,3R:24488601:24488790:+
FBgn0000039,FBtr0084639,3R:24489356:24490827:+
FBgn0000039,FBtr0221013,3R:24486190:24487140:+
FBgn0000039,FBtr0221013,3R:24487275:24487432:+
FBgn0000039,FBtr0221013,3R:24487593:24488461:+
FBgn0000039,FBtr0221013,3R:24488601:24488790:+
FBgn0000039,FBtr0221013,3R:24489356:24490827:+
FBgn0000052,FBtr0079219,2L:6042001:6042084:-
FBgn0000052,FBtr0079219,2L:6044341:6045903:-
FBgn0000052,FBtr0222515,2L:6042001:6042084:-
FBgn0000052,FBtr0222515,2L:6044341:6045903:-
FBgn0000052,FBtr0079220,2L:6042001:6042084:-
FBgn0000052,FBtr0079220,2L:6044341:6045930:-
FBgn0000052,FBtr0348014,2L:6042001:6042084:-
FBgn0000052,FBtr0348014,2L:6044341:6045930:-
FBgn0000037,FBtr0072367,2R:24381846:24383250:-
FBgn0000037,FBtr0072367,2R:24383367:24383445:-
FBgn0000037,FBtr0072367,2R:24383609:24389607:-
FBgn0000037,FBtr0355473,2R:24381846:24383250:-
FBgn0000037,FBtr0355473,2R:24383367:24383445:-
FBgn0000037,FBtr0355473,2R:24383609:24389603:-
FBgn0000037,FBtr0072368,2R:24381846:24383199:-
FBgn0000037,FBtr0072368,2R:24383367:24383445:-
FBgn0000037,FBtr0072368,2R:24383609:24389603:-
FBgn0000037,FBtr0355473,2R:24381846:24383250:-
FBgn0000037,FBtr0355473,2R:24383367:24383445:-
FBgn0000037,FBtr0355473,2R:24383609:24389603:-
FBgn0000053,FBtr0079431,2L:7016364:7016446:-
FBgn0000053,FBtr0079431,2L:7017476:7017554:-
FBgn0000053,FBtr0079431,2L:7017956:7018158:-
FBgn0000053,FBtr0079431,2L:7018364:7018440:-
FBgn0000053,FBtr0079431,2L:7019070:7023538:-
FBgn0000053,FBtr0222428,2L:7016364:7016446:-
FBgn0000053,FBtr0222428,2L:7017476:7017554:-
FBgn0000053,FBtr0222428,2L:7017956:7018158:-
FBgn0000053,FBtr0222428,2L:7018364:7018440:-
FBgn0000053,FBtr0222428,2L:7019070:7023538:-
FBgn0000038,FBtr0073300,3L:4429492:4429575:+
FBgn0000038,FBtr0349242,3L:4429492:4429575:+
FBgn0000038,FBtr0349242,3L:4429705:4432395:+
FBgn0000038,FBtr0349242,3L:4432512:4433314:+
FBgn0000038,FBtr0349242,3L:4433449:4433624:+
FBgn0000038,FBtr0349242,3L:4434049:4435184:+
FBgn0000052,FBtr0079221,2L:6042001:6044437:-
FBgn0000052,FBtr0348014,2L:6042001:6042084:-
FBgn0000052,FBtr0348014,2L:6044341:6045930:-
FBgn0000052,FBtr0079219,2L:6042001:6042084:-
FBgn0000052,FBtr0079219,2L:6044341:6045903:-
FBgn0000052,FBtr0348014,2L:6042001:6042084:-
FBgn0000052,FBtr0348014,2L:6044341:6045930:-
FBgn0000052,FBtr0079220,2L:6042001:6042084:-
FBgn0000052,FBtr0079220,2L:6044341:6045930:-
FBgn0000052,FBtr0222515,2L:6042001:6042084:-
FBgn0000052,FBtr0222515,2L:6044341:6045903:-
FBgn0000039,FBtr0084640,3R:24485829:24485917:+
FBgn0000039,FBtr0084640,3R:24486190:24487140:+
FBgn0000039,FBtr0084640,3R:24487275:24487432:+
FBgn0000039,FBtr0084640,3R:24487593:24488461:+
FBgn0000039,FBtr0084640,3R:24488601:24488790:+
FBgn0000039,FBtr0084640,3R:24489356:24490827:+
FBgn0000039,FBtr0221013,3R:24486190:24487140:+
FBgn0000039,FBtr0221013,3R:24487275:24487432:+
FBgn0000039,FBtr0221013,3R:24487593:24488461:+
FBgn0000039,FBtr0221013,3R:24488601:24488790:+
FBgn0000039,FBtr0221013,3R:24489356:24490827:+
FBgn0000052,FBtr0079221,2L:6042001:6044437:-
FBgn0000052,FBtr0222515,2L:6042001:6042084:-
FBgn0000052,FBtr0222515,2L:6044341:6045903:-
FBgn0000053,FBtr0100353,2L:7018364:7018440:-
FBgn0000053,FBtr0100353,2L:7019070:7023538:-
FBgn0000053,FBtr0222428,2L:7016364:7016446:-
FBgn0000053,FBtr0222428,2L:7017476:7017554:-
FBgn0000053,FBtr0222428,2L:7017956:7018158:-
FBgn0000053,FBtr0222428,2L:7018364:7018440:-
FBgn0000053,FBtr0222428,2L:7019070:7023538:-
FBgn0000055,FBtr0100590,2L:14616427:14616987:+
FBgn0000055,FBtr0348491,2L:14615633:14616312:+
FBgn0000055,FBtr0348491,2L:14616427:14616512:+
FBgn0000055,FBtr0348491,2L:14616897:14616987:+
FBgn0000055,FBtr0348491,2L:14617633:14618535:+
FBgn0000055,FBtr0100590,2L:14616427:14616987:+
FBgn0000055,FBtr0223878,2L:14615633:14616312:+
FBgn0000055,FBtr0223878,2L:14616427:14616987:+
FBgn0000055,FBtr0100594,2L:14615633:14616138:+
FBgn0000055,FBtr0100594,2L:14616427:14616987:+
FBgn0000055,FBtr0223878,2L:14615633:14616312:+
FBgn0000055,FBtr0223878,2L:14616427:14616987:+
FBgn0000055,FBtr0006151,2L:14615633:14616312:+
FBgn0000055,FBtr0006151,2L:14616427:14616512:+
FBgn0000055,FBtr0006151,2L:14616897:14616987:+
FBgn0000055,FBtr0006151,2L:14617633:14618535:+
FBgn0000055,FBtr0348491,2L:14615633:14616312:+
FBgn0000055,FBtr0348491,2L:14616427:14616512:+
FBgn0000055,FBtr0348491,2L:14616897:14616987:+
FBgn0000055,FBtr0348491,2L:14617633:14618535:+
FBgn0000055,FBtr0100187,2L:14616427:14616512:+
FBgn0000055,FBtr0100187,2L:14616897:14616987:+
FBgn0000055,FBtr0100187,2L:14617633:14618535:+
FBgn0000055,FBtr0223878,2L:14615633:14616312:+
FBgn0000055,FBtr0223878,2L:14616427:14616987:+
FBgn0000055,FBtr0100594,2L:14615633:14616138:+
FBgn0000055,FBtr0100594,2L:14616427:14616987:+
FBgn0000055,FBtr0348491,2L:14615633:14616312:+
FBgn0000055,FBtr0348491,2L:14616427:14616512:+
FBgn0000055,FBtr0348491,2L:14616897:14616987:+
FBgn0000055,FBtr0348491,2L:14617633:14618535:+
FBgn0000055,FBtr0100589,2L:14615633:14616312:+
FBgn0000055,FBtr0100589,2L:14616427:14616987:+
FBgn0000055,FBtr0223878,2L:14615633:14616312:+
FBgn0000055,FBtr0223878,2L:14616427:14616987:+
FBgn0000055,FBtr0006151,2L:14615633:14616312:+
FBgn0000055,FBtr0006151,2L:14616427:14616512:+
FBgn0000055,FBtr0006151,2L:14616897:14616987:+
FBgn0000055,FBtr0006151,2L:14617633:14618535:+
FBgn0000055,FBtr0223878,2L:14615633:14616312:+
FBgn0000055,FBtr0223878,2L:14616427:14616987:+
FBgn0000055,FBtr0100187,2L:14616427:14616512:+
FBgn0000055,FBtr0100187,2L:14616897:14616987:+
FBgn0000055,FBtr0100187,2L:14617633:14618535:+
FBgn0000055,FBtr0348491,2L:14615633:14616312:+
FBgn0000055,FBtr0348491,2L:14616427:14616512:+
FBgn0000055,FBtr0348491,2L:14616897:14616987:+
FBgn0000055,FBtr0348491,2L:14617633:14618535:+
FBgn0000056,FBtr0343699,2L:14617633:14618535:+
FBgn0000056,FBtr0351844,2L:14617633:14618535:+
FBgn0000055,FBtr0100589,2L:14615633:14616312:+
FBgn0000055,FBtr0100589,2L:14616427:14616987:+
FBgn0000055,FBtr0348491,2L:14615633:14616312:+
FBgn0000055,FBtr0348491,2L:14616427:14616512:+
FBgn0000055,FBtr0348491,2L:14616897:14616987:+
FBgn0000055,FBtr0348491,2L:14617633:14618535:+
FBgn0000057,FBtr0086744,2R:18152631:18152717:+
FBgn0000057,FBtr0211253,2R:18152631:18152717:+
FBgn0000061,FBtr0078053,2L:378471:384520:+
FBgn0000061,FBtr0078053,2L:384884:385710:+
FBgn0000061,FBtr0078053,2L:385736:386712:+
FBgn0000061,FBtr0222930,2L:378471:384520:+
FBgn0000061,FBtr0222930,2L:384884:385710:+
FBgn0000061,FBtr0222930,2L:385736:386712:+
FBgn0000063,FBtr0083478,3R:17671557:17671859:+
FBgn0000063,FBtr0083478,3R:17672847:17673586:+
FBgn0000063,FBtr0219090,3R:17671557:17671859:+
FBgn0000063,FBtr0219090,3R:17672847:17673586:+
FBgn0000063,FBtr0331348,3R:17671557:17671859:+
FBgn0000063,FBtr0331348,3R:17672847:17673558:+
FBgn0000063,FBtr0219090,3R:17671557:17671859:+
FBgn0000063,FBtr0219090,3R:17672847:17673586:+
FBgn0000064,FBtr0085001,3R:26256297:26256942:-
FBgn0000064,FBtr0085001,3R:26257122:26261163:-
FBgn0000064,FBtr0354132,3R:26255421:26256942:-
FBgn0000064,FBtr0354132,3R:26257122:26258996:-
FBgn0000064,FBtr0085001,3R:26256297:26256942:-
FBgn0000064,FBtr0085001,3R:26257122:26261163:-
FBgn0000064,FBtr0365535,3R:26255421:26256942:-
FBgn0000064,FBtr0365535,3R:26257122:26259811:-
FBgn0000064,FBtr0085001,3R:26256297:26256942:-
FBgn0000064,FBtr0085001,3R:26257122:26261163:-
FBgn0000064,FBtr0360068,3R:26255421:26256942:-
FBgn0000064,FBtr0360068,3R:26257122:26261345:-
FBgn0000064,FBtr0084994,3R:26255421:26256942:-
FBgn0000064,FBtr0084994,3R:26257122:26261345:-
FBgn0000064,FBtr0360068,3R:26255421:26256942:-
FBgn0000064,FBtr0360068,3R:26257122:26261345:-
FBgn0000064,FBtr0085001,3R:26256297:26256942:-
FBgn0000064,FBtr0085001,3R:26257122:26261163:-
FBgn0000064,FBtr0355167,3R:26256297:26256942:-
FBgn0000064,FBtr0355167,3R:26257122:26261345:-
FBgn0000064,FBtr0085001,3R:26256297:26256942:-
FBgn0000064,FBtr0085001,3R:26257122:26261163:-
FBgn0000064,FBtr0364624,3R:26256297:26256942:-
FBgn0000064,FBtr0364624,3R:26257122:26261167:-
FBgn0000064,FBtr0310660,3R:26255421:26256942:-
FBgn0000064,FBtr0310660,3R:26257122:26258996:-
FBgn0000064,FBtr0354132,3R:26255421:26256942:-
FBgn0000064,FBtr0354132,3R:26257122:26258996:-
FBgn0000064,FBtr0084994,3R:26255421:26256942:-
FBgn0000064,FBtr0084994,3R:26257122:26261345:-
FBgn0000064,FBtr0355167,3R:26256297:26256942:-
FBgn0000064,FBtr0355167,3R:26257122:26261345:-
FBgn0000064,FBtr0085001,3R:26256297:26256942:-
FBgn0000064,FBtr0085001,3R:26257122:26261163:-
FBgn0000064,FBtr0349216,3R:26256297:26256544:-
FBgn0000064,FBtr0349216,3R:26256613:26257234:-
FBgn0000064,FBtr0084994,3R:26255421:26256942:-
FBgn0000064,FBtr0084994,3R:26257122:26261345:-
FBgn0000064,FBtr0365535,3R:26255421:26256942:-
FBgn0000064,FBtr0365535,3R:26257122:26259811:-
FBgn0000064,FBtr0084994,3R:26255421:26256942:-
FBgn0000064,FBtr0084994,3R:26257122:26261345:-
FBgn0000064,FBtr0354132,3R:26255421:26256942:-
FBgn0000064,FBtr0354132,3R:26257122:26258996:-
FBgn0000064,FBtr0084994,3R:26255421:26256942:-
FBgn0000064,FBtr0084994,3R:26257122:26261345:-
FBgn0000064,FBtr0364624,3R:26256297:26256942:-
FBgn0000064,FBtr0364624,3R:26257122:26261167:-
FBgn0000064,FBtr0310660,3R:26255421:26256942:-
FBgn0000064,FBtr0310660,3R:26257122:26258996:-
FBgn0000064,FBtr0365535,3R:26255421:26256942:-
FBgn0000064,FBtr0365535,3R:26257122:26259811:-
FBgn0000064,FBtr0310660,3R:26255421:26256942:-
FBgn0000064,FBtr0310660,3R:26257122:26258996:-
FBgn0000064,FBtr0360068,3R:26255421:26256942:-
FBgn0000064,FBtr0360068,3R:26257122:26261345:-
FBgn0000064,FBtr0310660,3R:26255421:26256942:-
FBgn0000064,FBtr0310660,3R:26257122:26258996:-
FBgn0000064,FBtr0355167,3R:26256297:26256942:-
FBgn0000064,FBtr0355167,3R:26257122:26261345:-
FBgn0000064,FBtr0310660,3R:26255421:26256942:-
FBgn0000064,FBtr0310660,3R:26257122:26258996:-
FBgn0000064,FBtr0364624,3R:26256297:26256942:-
FBgn0000064,FBtr0364624,3R:26257122:26261167:-
FBgn0000064,FBtr0084994,3R:26255421:26256942:-
FBgn0000064,FBtr0084994,3R:26257122:26261345:-
FBgn0000064,FBtr0349216,3R:26256297:26256544:-
FBgn0000064,FBtr0349216,3R:26256613:26257234:-
FBgn0000064,FBtr0084995,3R:26255421:26256942:-
FBgn0000064,FBtr0084995,3R:26257122:26259811:-
FBgn0000064,FBtr0365535,3R:26255421:26256942:-
FBgn0000064,FBtr0365535,3R:26257122:26259811:-
FBgn0000064,FBtr0310660,3R:26255421:26256942:-
FBgn0000064,FBtr0310660,3R:26257122:26258996:-
FBgn0000064,FBtr0349216,3R:26256297:26256544:-
FBgn0000064,FBtr0349216,3R:26256613:26257234:-
FBgn0000064,FBtr0084995,3R:26255421:26256942:-
FBgn0000064,FBtr0084995,3R:26257122:26259811:-
FBgn0000064,FBtr0354132,3R:26255421:26256942:-
FBgn0000064,FBtr0354132,3R:26257122:26258996:-
FBgn0000064,FBtr0085000,3R:26256297:26256483:-
FBgn0000064,FBtr0085000,3R:26256613:26257234:-
FBgn0000064,FBtr0360068,3R:26255421:26256942:-
FBgn0000064,FBtr0360068,3R:26257122:26261345:-
FBgn0000064,FBtr0084995,3R:26255421:26256942:-
FBgn0000064,FBtr0084995,3R:26257122:26259811:-
FBgn0000064,FBtr0355167,3R:26256297:26256942:-
FBgn0000064,FBtr0355167,3R:26257122:26261345:-
FBgn0000064,FBtr0084995,3R:26255421:26256942:-
FBgn0000064,FBtr0084995,3R:26257122:26259811:-
FBgn0000064,FBtr0360068,3R:26255421:26256942:-
FBgn0000064,FBtr0360068,3R:26257122:26261345:-
FBgn0000064,FBtr0084995,3R:26255421:26256942:-
FBgn0000064,FBtr0084995,3R:26257122:26259811:-
FBgn0000064,FBtr0364624,3R:26256297:26256942:-
FBgn0000064,FBtr0364624,3R:26257122:26261167:-
FBgn0000064,FBtr0084995,3R:26255421:26256942:-
FBgn0000064,FBtr0084995,3R:26257122:26259811:-
FBgn0000064,FBtr0349216,3R:26256297:26256544:-
FBgn0000064,FBtr0349216,3R:26256613:26257234:-
FBgn0000064,FBtr0085000,3R:26256297:26256483:-
FBgn0000064,FBtr0085000,3R:26256613:26257234:-
FBgn0000064,FBtr0354132,3R:26255421:26256942:-
FBgn0000064,FBtr0354132,3R:26257122:26258996:-
FBgn0000064,FBtr0085000,3R:26256297:26256483:-
FBgn0000064,FBtr0085000,3R:26256613:26257234:-
FBgn0000064,FBtr0364624,3R:26256297:26256942:-
FBgn0000064,FBtr0364624,3R:26257122:26261167:-
FBgn0000064,FBtr0085000,3R:26256297:26256483:-
FBgn0000064,FBtr0085000,3R:26256613:26257234:-
FBgn0000064,FBtr0355167,3R:26256297:26256942:-
FBgn0000064,FBtr0355167,3R:26257122:26261345:-
FBgn0000064,FBtr0084999,3R:26255421:26257234:-
FBgn0000064,FBtr0364624,3R:26256297:26256942:-
FBgn0000064,FBtr0364624,3R:26257122:26261167:-
FBgn0000064,FBtr0085000,3R:26256297:26256483:-
FBgn0000064,FBtr0085000,3R:26256613:26257234:-
FBgn0000064,FBtr0349216,3R:26256297:26256544:-
FBgn0000064,FBtr0349216,3R:26256613:26257234:-
FBgn0000064,FBtr0084999,3R:26255421:26257234:-
FBgn0000064,FBtr0354132,3R:26255421:26256942:-
FBgn0000064,FBtr0354132,3R:26257122:26258996:-
FBgn0000064,FBtr0084999,3R:26255421:26257234:-
FBgn0000064,FBtr0355167,3R:26256297:26256942:-
FBgn0000064,FBtr0355167,3R:26257122:26261345:-
FBgn0000064,FBtr0084999,3R:26255421:26257234:-
FBgn0000064,FBtr0360068,3R:26255421:26256942:-
FBgn0000064,FBtr0360068,3R:26257122:26261345:-
FBgn0000064,FBtr0084999,3R:26255421:26257234:-
FBgn0000064,FBtr0349216,3R:26256297:26256544:-
FBgn0000064,FBtr0349216,3R:26256613:26257234:-
FBgn0000064,FBtr0084999,3R:26255421:26257234:-
FBgn0000064,FBtr0365535,3R:26255421:26256942:-
FBgn0000064,FBtr0365535,3R:26257122:26259811:-
FBgn0000064,FBtr0085000,3R:26256297:26256483:-
FBgn0000064,FBtr0085000,3R:26256613:26257234:-
FBgn0000064,FBtr0365535,3R:26255421:26256942:-
FBgn0000064,FBtr0365535,3R:26257122:26259811:-
FBgn0000064,FBtr0310661,3R:26256297:26256942:-
FBgn0000064,FBtr0310661,3R:26257122:26261345:-
FBgn0000064,FBtr0354132,3R:26255421:26256942:-
FBgn0000064,FBtr0354132,3R:26257122:26258996:-
FBgn0000064,FBtr0310661,3R:26256297:26256942:-
FBgn0000064,FBtr0310661,3R:26257122:26261345:-
FBgn0000064,FBtr0355167,3R:26256297:26256942:-
FBgn0000064,FBtr0355167,3R:26257122:26261345:-
FBgn0000064,FBtr0310661,3R:26256297:26256942:-
FBgn0000064,FBtr0310661,3R:26257122:26261345:-
FBgn0000064,FBtr0365535,3R:26255421:26256942:-
FBgn0000064,FBtr0365535,3R:26257122:26259811:-
FBgn0000064,FBtr0310661,3R:26256297:26256942:-
FBgn0000064,FBtr0310661,3R:26257122:26261345:-
FBgn0000064,FBtr0360068,3R:26255421:26256942:-
FBgn0000064,FBtr0360068,3R:26257122:26261345:-
FBgn0000064,FBtr0310661,3R:26256297:26256942:-
FBgn0000064,FBtr0310661,3R:26257122:26261345:-
FBgn0000064,FBtr0364624,3R:26256297:26256942:-
FBgn0000064,FBtr0364624,3R:26257122:26261167:-
FBgn0000064,FBtr0310661,3R:26256297:26256942:-
FBgn0000064,FBtr0310661,3R:26257122:26261345:-
FBgn0000064,FBtr0349216,3R:26256297:26256544:-
FBgn0000064,FBtr0349216,3R:26256613:26257234:-
FBgn0000064,FBtr0306657,3R:26256297:26256942:-
FBgn0000064,FBtr0306657,3R:26257122:26261167:-
FBgn0000064,FBtr0364624,3R:26256297:26256942:-
FBgn0000064,FBtr0364624,3R:26257122:26261167:-
FBgn0000064,FBtr0306657,3R:26256297:26256942:-
FBgn0000064,FBtr0306657,3R:26257122:26261167:-
FBgn0000064,FBtr0354132,3R:26255421:26256942:-
FBgn0000064,FBtr0354132,3R:26257122:26258996:-
FBgn0000064,FBtr0306657,3R:26256297:26256942:-
FBgn0000064,FBtr0306657,3R:26257122:26261167:-
FBgn0000064,FBtr0360068,3R:26255421:26256942:-
FBgn0000064,FBtr0360068,3R:26257122:26261345:-
FBgn0000064,FBtr0306657,3R:26256297:26256942:-
FBgn0000064,FBtr0306657,3R:26257122:26261167:-
FBgn0000064,FBtr0365535,3R:26255421:26256942:-
FBgn0000064,FBtr0365535,3R:26257122:26259811:-
FBgn0000064,FBtr0306657,3R:26256297:26256942:-
FBgn0000064,FBtr0306657,3R:26257122:26261167:-
FBgn0000064,FBtr0349216,3R:26256297:26256544:-
FBgn0000064,FBtr0349216,3R:26256613:26257234:-
FBgn0000064,FBtr0306657,3R:26256297:26256942:-
FBgn0000064,FBtr0306657,3R:26257122:26261167:-
FBgn0000064,FBtr0355167,3R:26256297:26256942:-
FBgn0000064,FBtr0355167,3R:26257122:26261345:-
FBgn0000064,FBtr0114544,3R:26256297:26256483:-
FBgn0000064,FBtr0114544,3R:26256613:26256942:-
FBgn0000064,FBtr0114544,3R:26257122:26258996:-
FBgn0000064,FBtr0354132,3R:26255421:26256942:-
FBgn0000064,FBtr0354132,3R:26257122:26258996:-
FBgn0000064,FBtr0114544,3R:26256297:26256483:-
FBgn0000064,FBtr0114544,3R:26256613:26256942:-
FBgn0000064,FBtr0114544,3R:26257122:26258996:-
FBgn0000064,FBtr0355167,3R:26256297:26256942:-
FBgn0000064,FBtr0355167,3R:26257122:26261345:-
FBgn0000064,FBtr0114544,3R:26256297:26256483:-
FBgn0000064,FBtr0114544,3R:26256613:26256942:-
FBgn0000064,FBtr0114544,3R:26257122:26258996:-
FBgn0000064,FBtr0360068,3R:26255421:26256942:-
FBgn0000064,FBtr0360068,3R:26257122:26261345:-
FBgn0000064,FBtr0114544,3R:26256297:26256483:-
FBgn0000064,FBtr0114544,3R:26256613:26256942:-
FBgn0000064,FBtr0114544,3R:26257122:26258996:-
FBgn0000064,FBtr0364624,3R:26256297:26256942:-
FBgn0000064,FBtr0364624,3R:26257122:26261167:-
FBgn0000064,FBtr0114544,3R:26256297:26256483:-
FBgn0000064,FBtr0114544,3R:26256613:26256942:-
FBgn0000064,FBtr0114544,3R:26257122:26258996:-
FBgn0000064,FBtr0365535,3R:26255421:26256942:-
FBgn0000064,FBtr0365535,3R:26257122:26259811:-
FBgn0000064,FBtr0114544,3R:26256297:26256483:-
FBgn0000064,FBtr0114544,3R:26256613:26256942:-
FBgn0000064,FBtr0114544,3R:26257122:26258996:-
FBgn0000064,FBtr0349216,3R:26256297:26256544:-
FBgn0000064,FBtr0349216,3R:26256613:26257234:-
